key,entry_type,title,authors,container_title,publication_year,doi,stable_identifier,source_url,local_pdf_path,local_markdown_path,conversion_status,access_status,relevance,verification_notes,pdf_sha256,pdf_pages,markdown_pages,text_characters
vashist2023titan,article,Titan’s North--South Haze Asymmetry Ratio and Boundary at Visible Wavelengths over the Cassini Mission,"Vashist, Aadvik S and Heslar, Michael F and Barnes, Jason W and Hennen, Corbin and Lorenz, Ralph D",The Planetary Science Journal,2023,10.3847/PSJ/acdd05,doi:10.3847/PSJ/acdd05,https://doi.org/10.3847/PSJ/acdd05,data/papers/vashist2023titan.pdf,data/papers-md/vashist2023titan.md,validated,local_pdf,Direct: Titan haze asymmetry or seasonal change.,Page count matches; 0 sparse page(s); 0 replacement character(s); OCR used on 0 page(s).,f4d43235ba0c63ae9422e3fd385f051d9980eb6942cdd02b81fb7ab7e5a6caa0,12,12,60961
karkoschka2016seasonal,article,Seasonal variation of Titan’s haze at low and high altitudes from HST-STIS spectroscopy,"Karkoschka, Erich",Icarus,2016,10.1016/j.icarus.2015.07.007,doi:10.1016/j.icarus.2015.07.007,https://doi.org/10.1016/j.icarus.2015.07.007,data/papers/karkoschka2016seasonal.pdf,data/papers-md/karkoschka2016seasonal.md,validated,local_pdf,Direct: Titan haze asymmetry or seasonal change.,Page count matches; 0 sparse page(s); 0 replacement character(s); OCR used on 0 page(s).,176f735ca657e7fb66c0dabb3fb80869a7f4742a89918a2aff1e265d0c831a2e,63,63,94913
kutsop2022titan,article,Titan Stratospheric Haze Bands Observed in Cassini VIMS as Tracers of Meridional Circulation,"Kutsop, NW and Hayes, AG and Corlies, PM and Le Mou{\'e}lic, S and Lunine, JI and Nixon, CA and Rannou, P and Rodriguez, S and Roman, MT and Sotin, C and others",The Planetary Science Journal,2022,10.3847/PSJ/ac582d,doi:10.3847/PSJ/ac582d,https://doi.org/10.3847/PSJ/ac582d,data/papers/kutsop2022titan.pdf,data/papers-md/kutsop2022titan.md,validated,local_pdf,"Direct: Cassini VIMS instrument, processing, or Titan VIMS result.",Page count matches; 0 sparse page(s); 0 replacement character(s); OCR used on 0 page(s).,f4a51aaacb0f83fbf3f1abef0c9f676dea8e161bf34c622fc20fb8724f5cc574,29,29,176348
tokano2007near,article,Near-surface winds at the Huygens site on Titan: interpretation by means of a general circulation model,"Tokano, Tetsuya",Planetary and Space Science,2007,10.1016/j.pss.2007.04.011,doi:10.1016/j.pss.2007.04.011,https://doi.org/10.1016/j.pss.2007.04.011,data/papers/tokano2007near.pdf,data/papers-md/tokano2007near.md,validated,local_pdf,"Context: Titan atmosphere, circulation, clouds, or mission science.",Page count matches; 0 sparse page(s); 0 replacement character(s); OCR used on 0 page(s).,ce23968c54ff4d7d000df02625d6bfd7fbd31eea481dc5182ab745198590c739,20,20,130954
lebonnois2014general,inbook,The general circulation of Titan's lower and middle atmosphere,"Lebonnois, S{\'e}bastien and Flasar, F Michael and Tokano, Tetsuya and Newman, CE",Titan,2014,,project-bibkey:lebonnois2014general,,,,not_converted,metadata_only,"Context: Titan atmosphere, circulation, clouds, or mission science.",Metadata from the existing BibTeX entry; local PDF not audited.; No outside stable identifier or source URL has been verified; the ledger uses the stable project key.,,,,
robinson2014titan,article,Titan solar occultation observations reveal transit spectra of a hazy world,"Robinson, Tyler D and Maltagliati, Luca and Marley, Mark S and Fortney, Jonathan J",Proceedings of the National Academy of Sciences,2014,10.1073/pnas.1403473111,doi:10.1073/pnas.1403473111,https://doi.org/10.1073/pnas.1403473111,data/papers/robinson2014titan.pdf,data/papers-md/robinson2014titan.md,validated,local_pdf,"Direct: limb behavior, vertical structure, or line-of-sight interpretation.",Page count matches; 0 sparse page(s); 0 replacement character(s); OCR used on 0 page(s).,eaba8dca47ad51f3fc3683ed7bfa3e4178f4acdb1d5ec683d79860a1c5196f86,6,6,57018
rannou2002wind,article,{A wind origin for Titan's haze structure},"{Rannou}, P. and {Hourdin}, F. and {McKay}, C.~P.",\nat,2002,,http://adsabs.harvard.edu/abs/2002Natur.418..853R,http://adsabs.harvard.edu/abs/2002Natur.418..853R,data/papers/rannou2002wind.pdf,data/papers-md/rannou2002wind.md,validated,local_pdf,Direct: Titan haze asymmetry or seasonal change.,Page count matches; 0 sparse page(s); 0 replacement character(s); OCR used on 0 page(s).,7682dcf70712051005e8ff4d87729afdc6e8cf304ac6c6ba1bf53872b91c3911,4,4,47330
seignovert2021haze,article,Haze seasonal variations of Titan’s upper atmosphere during the Cassini Mission,"Seignovert, Beno{\^\i}t and Rannou, Pascal and West, Robert A and Vinatier, Sandrine",The Astrophysical Journal,2021,10.3847/1538-4357/abcd3b,doi:10.3847/1538-4357/abcd3b,https://doi.org/10.3847/1538-4357/abcd3b,data/papers/seignovert2021haze.pdf,data/papers-md/seignovert2021haze.md,validated,local_pdf,Direct: Titan haze asymmetry or seasonal change.,Page count matches; 0 sparse page(s); 0 replacement character(s); OCR used on 0 page(s).,758280991b4631e58a49fad30f075446f6a9b9427727885c767b77e1a3b4afdf,17,17,100562
brown2004cassini,article,The Cassini visual and infrared mapping spectrometer (VIMS) investigation,"Brown, Robert H and Baines, Kevin H and Bellucci, G and Bibring, J-P and Buratti, Bonnie J and Capaccioni, F and Cerroni, P and Clark, Roger N and Coradini, Angioletta and Cruikshank, Dale P and others",Space Science Reviews,2004,10.1007/s11214-004-1453-x,doi:10.1007/s11214-004-1453-x,https://doi.org/10.1007/s11214-004-1453-x,data/papers/brown2004cassini.pdf,data/papers-md/brown2004cassini.md,validated,local_pdf,"Direct: Cassini VIMS instrument, processing, or Titan VIMS result.",Page count matches; 0 sparse page(s); 0 replacement character(s); OCR used on 0 page(s).,33c5264a546ce7f8e4da0916620ffe02370cd62aeb6db49d329a8f4ac97d2018,58,58,142990
smith1982new,article,A new look at the Saturn system: The Voyager 2 images,"Smith, Bradford A and Soderblom, Laurence and Batson, Raymond and Bridges, Patricia and Inge, JAY and Masursky, Harold and Shoemaker, Eugene and Beebe, Reta and Boyce, Joseph and Briggs, Geoffrey and others",Science,1982,,project-bibkey:smith1982new,,data/papers/smith1982new.pdf,data/papers-md/smith1982new.md,validated,local_pdf,Method context: limb-darkening model or fitting background.,Page count matches; 0 sparse page(s); 0 replacement character(s); OCR used on 0 page(s).; No outside stable identifier or source URL has been verified; the ledger uses the stable project key.,5deaf46febc863863a36c7b84b01281076f8708f7ead26d712b06e032d41c411,34,34,287630
brown2009titan,book,Titan from Cassini-Huygens,"Brown, Robert H and Lebreton, Jean-Pierre and Waite, John H",Springer,2009,,project-bibkey:brown2009titan,,data/papers/brown2009titan.pdf,data/papers-md/brown2009titan.md,validated,local_pdf,"Context: Titan atmosphere, circulation, clouds, or mission science.",Page count matches; 1 sparse page(s); 0 replacement character(s); OCR used on 11 page(s).; No outside stable identifier or source URL has been verified; the ledger uses the stable project key.,e1d25958f82508d746827cff27c6520a215fa2a3ca401c93f91a0e84a89b326b,529,529,2990601
lorenz2004seasonal,article,Seasonal change in Titan's haze 1992--2002 from Hubble Space Telescope observations,"Lorenz, Ralph D and Smith, Peter H and Lemmon, Mark T",Geophysical research letters,2004,10.1029/2004GL019864,doi:10.1029/2004GL019864,https://doi.org/10.1029/2004GL019864,data/papers/lorenz2004seasonal.pdf,data/papers-md/lorenz2004seasonal.md,validated,local_pdf,Direct: Titan haze asymmetry or seasonal change.,Page count matches; 0 sparse page(s); 0 replacement character(s); OCR used on 0 page(s).,6418a7734d27709035925c6cda31ff9fe546e1e029e8bf7f7235076c0cca982c,4,4,25376
lorenz2006seasonal,article,Seasonal evolution of Titan's dark polar hood: midsummer disappearance observed by the Hubble Space Telescope,"Lorenz, Ralph D and Lemmon, Mark T and Smith, Peter H",Monthly Notices of the Royal Astronomical Society,2006,10.1111/j.1365-2966.2006.10405.x,doi:10.1111/j.1365-2966.2006.10405.x,https://doi.org/10.1111/j.1365-2966.2006.10405.x,data/papers/lorenz2006seasonal.pdf,data/papers-md/lorenz2006seasonal.md,validated,local_pdf,Direct: Titan haze asymmetry or seasonal change.,Page count matches; 0 sparse page(s); 0 replacement character(s); OCR used on 0 page(s).,e9c30d71568e36bd21a057d02f16e9e18b4e8a83c094323379a881c316948920,5,5,29991
achterberg2008titan,article,Titan's middle-atmospheric temperatures and dynamics observed by the Cassini Composite Infrared Spectrometer,"Achterberg, Richard K and Conrath, Barney J and Gierasch, Peter J and Flasar, F Michael and Nixon, Conor A",Icarus,2008,10.1016/j.icarus.2007.09.029,doi:10.1016/j.icarus.2007.09.029,https://doi.org/10.1016/j.icarus.2007.09.029,data/papers/achterberg2008titan.pdf,data/papers-md/achterberg2008titan.md,validated,local_pdf,"Context: Titan atmosphere, circulation, clouds, or mission science.",Page count matches; 0 sparse page(s); 0 replacement character(s); OCR used on 0 page(s).,3eff4498ec14137379db62d4d769bceb57c64c9a81177fcb1982ddb0c23e46fc,15,15,96289
achterberg2008titanb,article,Observation of a tilt of Titan's middle-atmospheric superrotation,"Achterberg, Richard and Conrath, B. and Gierasch, Peter and Flasar, F. and Nixon, Conor",Icarus,2008,10.1016/j.icarus.2008.05.014,doi:10.1016/j.icarus.2008.05.014,https://doi.org/10.1016/j.icarus.2008.05.014,data/papers/achterberg2008titanb.pdf,data/papers-md/achterberg2008titanb.md,validated,local_pdf,"Context: Titan atmosphere, circulation, clouds, or mission science.",Same work and PDF as achterberg2008observation.; Page count matches; 0 sparse page(s); 0 replacement character(s); OCR used on 0 page(s).,f5b1f5894e08b2600bdba6fb4fdb33b9dca8924fb7f345bd20c90d4309dfb762,7,7,48396
smith1981encounter,article,Encounter with Saturn: Voyager 1 imaging science results,"Smith, Bradford A and Soderblom, Laurence and Beebe, Reta and Boyce, Joseph and Briggs, Geoffery and Bunker, Anne and Collins, Stewart A and Hansen, Candice J and Johnson, Torrence V and Mitchell, Jim L and others",Science,1981,,project-bibkey:smith1981encounter,,data/papers/smith1981encounter.pdf,data/papers-md/smith1981encounter.md,validated,local_pdf,Method context: limb-darkening model or fitting background.,Page count matches; 0 sparse page(s); 0 replacement character(s); OCR used on 2 page(s).; No outside stable identifier or source URL has been verified; the ledger uses the stable project key.,239f310b205b60bb61b6c466701c583e0ce8b0b06462f04302ba974178f2c1ea,29,29,231919
vixie2012mapping,article,Mapping Titan's surface features within the visible spectrum via Cassini VIMS,"Vixie, Graham and Barnes, Jason W and Bow, Jacob and Le Mou{\'e}lic, St{\'e}phane and Rodriguez, S{\'e}bastien and Brown, Robert H and Cerroni, Priscilla and Tosi, Federico and Buratti, Bonnie and Sotin, Christophe and others",Planetary and Space Science,2012,10.1016/j.pss.2011.03.021,doi:10.1016/j.pss.2011.03.021,https://doi.org/10.1016/j.pss.2011.03.021,data/papers/vixie2012mapping.pdf,data/papers-md/vixie2012mapping.md,validated,local_pdf,"Direct: Cassini VIMS instrument, processing, or Titan VIMS result.",Page count matches; 0 sparse page(s); 0 replacement character(s); OCR used on 0 page(s).,ee780fbfbefed42624a3ef5f7aebce2daa0d77c897f4c282a706acfcadb18305,10,10,72279
barnes2021science,article,Science goals and objectives for the Dragonfly Titan rotorcraft relocatable lander,"Barnes, Jason W and Turtle, Elizabeth P and Trainer, Melissa G and Lorenz, Ralph D and MacKenzie, Shannon M and Brinckerhoff, William B and Cable, Morgan L and Ernst, Carolyn M and Freissinet, Caroline and Hand, Kevin P and others",The Planetary Science Journal,2021,10.3847/PSJ/abfdcf,doi:10.3847/PSJ/abfdcf,https://doi.org/10.3847/PSJ/abfdcf,data/papers/barnes2021science.pdf,data/papers-md/barnes2021science.md,validated,local_pdf,"Context: Titan atmosphere, circulation, clouds, or mission science.",Page count matches; 0 sparse page(s); 0 replacement character(s); OCR used on 0 page(s).,c17f330e7433515d363ad14566bdaf67734af5270a5e0cad41db6b71278cbcd3,18,18,142038
karkoschka2022titan,article,Titan's haze at opposite seasons from HST-STIS spectroscopy,"Karkoschka, Erich",Icarus,2022,10.1016/j.icarus.2022.115188,doi:10.1016/j.icarus.2022.115188,https://doi.org/10.1016/j.icarus.2022.115188,data/papers/karkoschka2022titan.pdf,data/papers-md/karkoschka2022titan.md,validated,local_pdf,Direct: Titan haze asymmetry or seasonal change.,Page count matches; 0 sparse page(s); 0 replacement character(s); OCR used on 0 page(s).,8179b79a8ad7111884012d6fa980ab1958b9c5c0b505136aa9732ca0343d5c1e,19,19,35513
caldwell1992titan,article,Titan: Evidence for seasonal change—A comparison of Hubble Space Telescope and Voyager images,"Caldwell, John and Cunningham, Cindy C and Anthony, David and White, H Peter and Groth, EJ and Hasan, H and Noll, K and Smith, PH and Tomasko, MG and Weaver, HA",Icarus,1992,,project-bibkey:caldwell1992titan,,data/papers/caldwell1992titan.pdf,data/papers-md/caldwell1992titan.md,validated,local_pdf,Direct: Titan haze asymmetry or seasonal change.,Page count matches; 0 sparse page(s); 0 replacement character(s); OCR used on 1 page(s).; No outside stable identifier or source URL has been verified; the ledger uses the stable project key.,e13faf548d1acdc1b288e139a7f18eb69e6ead079c676ef6c4fdd4d6709a8886,9,9,60972
lorenz1997titan,article,Titan's north--south asymmetry from HST and Voyager imaging: Comparison with models and ground-based photometry,"Lorenz, Ralph D and Smith, Peter H and Lemmon, Mark T and Karkoschka, Erich and Lockwood, GW and Caldwell, John",Icarus,1997,,project-bibkey:lorenz1997titan,,data/papers/lorenz1997titan.pdf,data/papers-md/lorenz1997titan.md,validated,local_pdf,"Context: Titan atmosphere, circulation, clouds, or mission science.",Page count matches; 0 sparse page(s); 0 replacement character(s); OCR used on 0 page(s).; No outside stable identifier or source URL has been verified; the ledger uses the stable project key.,4d98c22b41b7d983ec5c809eecfeb97a9c83c941b105c7668687fad7fa0f2398,17,17,81209
lorenz1999seasonal,article,Seasonal change on Titan observed with the Hubble Space Telescope WFPC-2,"Lorenz, Ralph D and Lemmon, Mark T and Smith, Peter H and Lockwood, GW",Icarus,1999,,project-bibkey:lorenz1999seasonal,,data/papers/lorenz1999seasonal.pdf,data/papers-md/lorenz1999seasonal.md,validated,local_pdf,Direct: Titan haze asymmetry or seasonal change.,Page count matches; 0 sparse page(s); 0 replacement character(s); OCR used on 0 page(s).; No outside stable identifier or source URL has been verified; the ledger uses the stable project key.,365f116eb5feba6b67685bdcc290bcac998cfae2c9080d058c86cd34a8701692,11,11,64885
lorenz2001titan,article,Titan's smile and collar: HST observations of seasonal change 1994--2000,"Lorenz, RD and Young, EF and Lemmon, MT",Geophysical research letters,2001,,project-bibkey:lorenz2001titan,,data/papers/lorenz2001titan.pdf,data/papers-md/lorenz2001titan.md,validated,local_pdf,Direct: Titan haze asymmetry or seasonal change.,Page count matches; 0 sparse page(s); 0 replacement character(s); OCR used on 0 page(s).; No outside stable identifier or source URL has been verified; the ledger uses the stable project key.,788b13b820a227ef12cfd457e13c0d594d13453414eb81bf67667ffb5e21c116,4,4,33277
Sromovsky1981,article,Implications of Titan's north--south brightness asymmetry,"Sromovsky, Lawrence A.
             and Suomi, Verner E.
             and Pollack, James B.
             and Krauss, Robert J.
             and Limaye, Sanjay S.
             and Owen, Tobias
             and Revercomb, Henry E.
             and Sagan, Carl",Nature,1981,,project-bibkey:Sromovsky1981,,data/papers/Sromovsky1981.pdf,data/papers-md/Sromovsky1981.md,validated,local_pdf,"Context: Titan atmosphere, circulation, clouds, or mission science.",Page count matches; 0 sparse page(s); 0 replacement character(s); OCR used on 5 page(s).; No outside stable identifier or source URL has been verified; the ledger uses the stable project key.,1e839effbdd4482828abfce29fb6eb3c4ea01f8de91b9752d839d2ba390084d3,5,5,36760
horst2017,article,Titan's atmosphere and climate,"Hörst, S. M.",Journal of Geophysical Research: Planets,2017,10.1002/2016JE005240,doi:10.1002/2016JE005240,https://doi.org/10.1002/2016JE005240,data/papers/horst2017.pdf,data/papers-md/horst2017.md,validated,local_pdf,"Context: Titan atmosphere, circulation, clouds, or mission science.",Page count matches; 0 sparse page(s); 0 replacement character(s); OCR used on 0 page(s).,de88b04c86bb2d58b4be43393db22b5c80453d0452f5ed8a68ca4aa04c31957f,182,182,372066
lorenz2018dragonfly,article,Dragonfly: A rotorcraft lander concept for scientific exploration at Titan,"Lorenz, Ralph D and Turtle, Elizabeth P and Barnes, Jason W and Trainer, Melissa G and Adams, Douglas S and Hibbard, Kenneth E and Sheldon, Colin Z and Zacny, Kris and Peplowski, Patrick N and Lawrence, David J and others",Johns Hopkins APL Technical Digest,2018,,project-bibkey:lorenz2018dragonfly,,data/papers/lorenz2018dragonfly.pdf,data/papers-md/lorenz2018dragonfly.md,validated,local_pdf,"Context: Titan atmosphere, circulation, clouds, or mission science.",Page count matches; 0 sparse page(s); 0 replacement character(s); OCR used on 0 page(s).; No outside stable identifier or source URL has been verified; the ledger uses the stable project key.,7e31a509bbd8dfb7d7b8d83ae98d6583c5962e762273e90f88f364531de01ed9,14,14,101237
Roman2009,article,Determining a tilt in Titan's north-south albedo asymmetry from Cassini images,Michael T. Roman and Robert A. West and Don Banfield and Peter J. Gierasch and Richard K. Achterberg and Conor A. Nixon and Peter C. Thomas,Icarus,2009,10.1016/j.icarus.2009.04.021,doi:10.1016/j.icarus.2009.04.021,https://doi.org/10.1016/j.icarus.2009.04.021,data/papers/Roman2009.pdf,data/papers-md/Roman2009.md,validated,local_pdf,Direct: Titan haze asymmetry or seasonal change.,Page count matches; 0 sparse page(s); 0 replacement character(s); OCR used on 0 page(s).,fe5b084a09d62534f5225501802fc9b021b979c8a18b25cb70df3b4c971a4856,8,8,56577
hirtzig2006monitoring,article,Monitoring atmospheric phenomena on Titan,"Hirtzig, Mathieu and Coustenis, Athena and Gendron, Eric and Drossart, Pierre and Negr{\~a}o, Alberto and Combes, Michel and Lai, Olivier and Rannou, Pascal and Lebonnois, S{\'e}bastien and Luz, David",Astronomy \& Astrophysics,2006,,project-bibkey:hirtzig2006monitoring,,,,not_converted,metadata_only,"Context: Titan atmosphere, circulation, clouds, or mission science.",Metadata from the existing BibTeX entry; local PDF not audited.; No outside stable identifier or source URL has been verified; the ledger uses the stable project key.,,,,
hirtzig2009review,article,A review of Titan’s atmospheric phenomena,"Hirtzig, Mathieu and Tokano, Tetsuya and Rodriguez, S{\'e}bastien and Le Mou{\'e}lic, St{\'e}phane and Sotin, Christophe",The Astronomy and Astrophysics Review,2009,10.1007/s00159-009-0018-0,doi:10.1007/s00159-009-0018-0,https://doi.org/10.1007/s00159-009-0018-0,data/papers/hirtzig2009review.pdf,data/papers-md/hirtzig2009review.md,validated,local_pdf,"Context: Titan atmosphere, circulation, clouds, or mission science.",Page count matches; 1 sparse page(s); 0 replacement character(s); OCR used on 1 page(s).,3a461e3a3076ad1fffd19dcc6511689b40e0ba363d36b58545c2ed85703b7007,43,43,146988
tomasko2005rain,article,"Rain, winds and haze during the Huygens probe's descent to Titan's surface","Tomasko, Martin G and Archinal, B and Becker, T and B{\'e}zard, B and Bushroe, M and Combes, M and Cook, D and Coustenis, A and De Bergh, C and Dafoe, LE and others",Nature,2005,10.1038/nature04126,doi:10.1038/nature04126,https://doi.org/10.1038/nature04126,data/papers/tomasko2005rain.pdf,data/papers-md/tomasko2005rain.md,validated,local_pdf,Direct: Titan haze asymmetry or seasonal change.,Same work as Tomasko2005Titan; the latter has a DOI.; Page count matches; 0 sparse page(s); 0 replacement character(s); OCR used on 0 page(s).,8549279c76cd2b0fbf80f9c462ca36b272d179c44cb3e2ea70343881228709ef,14,14,103938
west2011evolution,article,The evolution of Titan's detached haze layer near equinox in 2009,"West, Robert A and Balloch, Jonathan and Dumont, Philip and Lavvas, Panayotis and Lorenz, Ralph and Rannou, Pascal and Ray, Trina and Turtle, Elizabeth P",Geophysical Research Letters,2011,10.1029/2011GL046843,doi:10.1029/2011GL046843,https://doi.org/10.1029/2011GL046843,data/papers/west2011evolution.pdf,data/papers-md/west2011evolution.md,validated,local_pdf,Direct: Titan haze asymmetry or seasonal change.,Page count matches; 0 sparse page(s); 0 replacement character(s); OCR used on 0 page(s).,2bec3e6e4ae22bb82776d3163c2b7ab63391e42de6493437f90b7513e0f2e1cf,4,4,29362
newman2011stratospheric,article,Stratospheric superrotation in the TitanWRF model,"Newman, Claire E and Lee, Christopher and Lian, Yuan and Richardson, Mark I and Toigo, Anthony D",Icarus,2011,10.1016/j.icarus.2011.03.025,doi:10.1016/j.icarus.2011.03.025,https://doi.org/10.1016/j.icarus.2011.03.025,data/papers/newman2011stratospheric.pdf,data/papers-md/newman2011stratospheric.md,validated,local_pdf,"Context: Titan atmosphere, circulation, clouds, or mission science.",Page count matches; 0 sparse page(s); 0 replacement character(s); OCR used on 0 page(s).,aa551fb28148085b4676e3b836f8dae743e0948d111ba5bdaa9c2a84778174cf,19,19,110143
flasar1981titan,article,Titan's atmosphere: Temperature and dynamics,"Flasar, FM and Samuelson, RE and Conrath, BJ",Nature,1981,,project-bibkey:flasar1981titan,,data/papers/flasar1981titan.pdf,data/papers-md/flasar1981titan.md,validated,local_pdf,"Context: Titan atmosphere, circulation, clouds, or mission science.",Page count matches; 0 sparse page(s); 0 replacement character(s); OCR used on 6 page(s).; No outside stable identifier or source URL has been verified; the ledger uses the stable project key.,9dc4ff1ea9b14473f0f33ab1dbaecfcb116b5d53cf86a8beaa170841d1a60531,6,6,43035
flasar2005titan,article,"Titan's atmospheric temperatures, winds, and composition","Flasar, FM and Achterberg, RK and Conrath, BJ and Gierasch, PJ and Kunde, VG and Nixon, CA and Bjoraker, GL and Jennings, DE and Romani, PN and Simon-Miller, AA and others",Science,2005,10.1126/science.1111150,doi:10.1126/science.1111150,https://doi.org/10.1126/science.1111150,data/papers/flasar2005titan.pdf,data/papers-md/flasar2005titan.md,validated,local_pdf,"Context: Titan atmosphere, circulation, clouds, or mission science.",Page count matches; 0 sparse page(s); 0 replacement character(s); OCR used on 0 page(s).,9d8e01694840bb79167aaf0e8d06e9f10b1b041056ee96e31013a3f5d6b09edb,5,5,43493
achterberg2008observation,article,Observation of a tilt of Titan's middle-atmospheric superrotation,"Achterberg, Richard K and Conrath, Barney J and Gierasch, Peter J and Flasar, F Michael and Nixon, Conor A",Icarus,2008,,project-bibkey:achterberg2008observation,,data/papers/achterberg2008observation.pdf,data/papers-md/achterberg2008observation.md,validated,local_pdf,"Context: Titan atmosphere, circulation, clouds, or mission science.",Same work and PDF as achterberg2008titanb.; Page count matches; 0 sparse page(s); 0 replacement character(s); OCR used on 0 page(s).; No outside stable identifier or source URL has been verified; the ledger uses the stable project key.,f5b1f5894e08b2600bdba6fb4fdb33b9dca8924fb7f345bd20c90d4309dfb762,7,7,48396
bezard1995titan,article,Titan's stratospheric temperature asymmetry: a radiative origin?,"B{\'e}zard, Bruno and Coustenis, Ath{\'e}na and McKay, Christopher P",Icarus,1995,,project-bibkey:bezard1995titan,,data/papers/bezard1995titan.pdf,data/papers-md/bezard1995titan.md,validated,local_pdf,"Context: Titan atmosphere, circulation, clouds, or mission science.",Page count matches; 0 sparse page(s); 0 replacement character(s); OCR used on 10 page(s).; No outside stable identifier or source URL has been verified; the ledger uses the stable project key.,b549c81281f59c7d342afe03033129ce4bd7e0ad97c1e5085847d79fcf4dcb9d,10,10,46620
brown2001hubble,article,Hubble Space Telescope time-series photometry of the transiting planet of HD 209458,"Brown, Timothy M and Charbonneau, David and Gilliland, Ronald L and Noyes, Robert W and Burrows, Adam",The Astrophysical Journal,2001,,project-bibkey:brown2001hubble,,data/papers/brown2001hubble.pdf,data/papers-md/brown2001hubble.md,validated,local_pdf,"Direct: limb behavior, vertical structure, or line-of-sight interpretation.",Page count matches; 0 sparse page(s); 0 replacement character(s); OCR used on 0 page(s).; No outside stable identifier or source URL has been verified; the ledger uses the stable project key.,ae0ef27cb7ebf265ba34fd020486d6f4373c683885281882fb5d512706123f31,11,11,84592
gibbard1999titan,article,Titan: High-resolution speckle images from the Keck Telescope,"Gibbard, SG and Macintosh, B and Gavel, D and Max, CE and De Pater, I and Ghez, AM and Young, EF and McKay, CP",Icarus,1999,,project-bibkey:gibbard1999titan,,data/papers/gibbard1999titan.pdf,data/papers-md/gibbard1999titan.md,validated,local_pdf,"Context: Titan atmosphere, circulation, clouds, or mission science.",Page count matches; 0 sparse page(s); 0 replacement character(s); OCR used on 1 page(s).; No outside stable identifier or source URL has been verified; the ledger uses the stable project key.,e2de066bac1fde396d9e3daf839c00cf7e54265320e8ad56662ef26e3a3f57b2,13,13,64867
lora2015gcm,article,GCM simulations of Titan’s middle and lower atmosphere and comparison to observations,"Lora, Juan M and Lunine, Jonathan I and Russell, Joellen L",Icarus,2015,10.1016/j.icarus.2014.12.030,doi:10.1016/j.icarus.2014.12.030,https://doi.org/10.1016/j.icarus.2014.12.030,data/papers/lora2015gcm.pdf,data/papers-md/lora2015gcm.md,validated,local_pdf,"Context: Titan atmosphere, circulation, clouds, or mission science.",Page count matches; 0 sparse page(s); 0 replacement character(s); OCR used on 0 page(s).,8f132d23f2b005709905f5345cf2697b99b73995161e1c3369bf77b19d27629e,13,13,118000
neilson2013spherically,article,"Spherically-symmetric model stellar atmospheres and limb darkening-I. Limb-darkening laws, gravity-darkening coefficients and angular diameter corrections for red giant stars","Neilson, Hilding R and Lester, John B",Astronomy \& Astrophysics,2013,10.1051/0004-6361/201321502,doi:10.1051/0004-6361/201321502,https://doi.org/10.1051/0004-6361/201321502,data/papers/neilson2013spherically.pdf,data/papers-md/neilson2013spherically.md,validated,local_pdf,"Direct: limb behavior, vertical structure, or line-of-sight interpretation.",Page count matches; 0 sparse page(s); 0 replacement character(s); OCR used on 0 page(s).,b714a772578b5a741dcb4ffff735220056d20844c8211d3f5a0de1d32e01c5d4,10,10,72008
nichols2021tracking,article,Tracking short-term variations in the haze distribution of Titan’s atmosphere with SINFONI VLT,"Nichols-Fleming, Fiona and Corlies, Paul and Hayes, Alexander G and {\'A}d{\'a}mkovics, M{\'a}t{\'e} and Rojo, Patricio and Rodriguez, Sebastien and Turtle, Elizabeth P and Lora, Juan M and Soderblom, Jason M",The Planetary Science Journal,2021,10.3847/PSJ/abffd7,doi:10.3847/PSJ/abffd7,https://doi.org/10.3847/PSJ/abffd7,data/papers/nichols2021tracking.pdf,data/papers-md/nichols2021tracking.md,validated,local_pdf,Direct: Titan haze asymmetry or seasonal change.,Page count matches; 0 sparse page(s); 0 replacement character(s); OCR used on 0 page(s).,c64437261fc152c9500d54bd75f7be2d0b14c73ec539da00fbef39b624089600,12,12,62986
nisenson1981radius,article,Radius and limb darkening of Titan from speckle imaging,"Nisenson, P and Apt, J and Goody, R and Horowitz, P",The Astronomical Journal,1981,,project-bibkey:nisenson1981radius,,data/papers/nisenson1981radius.pdf,data/papers-md/nisenson1981radius.md,validated,local_pdf,"Direct: limb behavior, vertical structure, or line-of-sight interpretation.",Page count matches; 0 sparse page(s); 0 replacement character(s); OCR used on 4 page(s).; No outside stable identifier or source URL has been verified; the ledger uses the stable project key.,e9b217f0868c936fc73b1c5b3e9f4420ace6e9a99ed93814df3eaf34a0f272db,4,4,13687
young2002three,article,A three-dimensional map of Titan's tropospheric haze distribution based on Hubble Space Telescope imaging,"Young, Eliot F and Rannou, Pascal and McKay, Christopher P and Griffith, Caitlin A and Noll, Keith",The Astronomical Journal,2002,,project-bibkey:young2002three,,data/papers/young2002three.pdf,data/papers-md/young2002three.md,validated,local_pdf,Direct: Titan haze asymmetry or seasonal change.,Page count matches; 0 sparse page(s); 0 replacement character(s); OCR used on 0 page(s).; No outside stable identifier or source URL has been verified; the ledger uses the stable project key.,8c1c65c6065cadac5547b3e9860b59b4f1ad047cf90f9ad9f84ed5eb4a86ef08,14,14,73192
kopal1950limb,article,Detailed effects of limb darkening upon light and velocity curves of close binary systems,"Kopal, Zdenek","Harvard College Observatory Circular, 454, pp. 1-12",1950,,project-bibkey:kopal1950limb,,data/papers/kopal1950limb.pdf,data/papers-md/kopal1950limb.md,validated,local_pdf,"Direct: limb behavior, vertical structure, or line-of-sight interpretation.",Page count matches; 0 sparse page(s); 0 replacement character(s); OCR used on 12 page(s).; No outside stable identifier or source URL has been verified; the ledger uses the stable project key.,7df9b4055656d8eef73c77476fe9741d412f24080e17867d71537cb61b1d5504,12,12,29108
bazzon2014HST,article,HST observations of the limb polarization of Titan,A. Bazzon and H. Schmid and E. Buenzli,arXiv: Earth and Planetary Astrophysics,2014,10.1051/0004-6361/201323139,doi:10.1051/0004-6361/201323139,https://doi.org/10.1051/0004-6361/201323139,data/papers/bazzon2014HST.pdf,data/papers-md/bazzon2014HST.md,validated,local_pdf,"Direct: limb behavior, vertical structure, or line-of-sight interpretation.",Page count matches; 0 sparse page(s); 0 replacement character(s); OCR used on 0 page(s).,e8c8566d296299481fddcfed5230f9351153e5741ee2afb450501c931c669706,13,13,92225
neilson2011comparison,article,Comparison of Limb-Darkening Laws from Plane-Parallel and Spherically-Symmetric Model Stellar Atmospheres,H. Neilson,Proceedings of the International Astronomical Union,2011,10.1017/S174392131102744X,doi:10.1017/S174392131102744X,https://doi.org/10.1017/S174392131102744X,data/papers/neilson2011comparison.pdf,data/papers-md/neilson2011comparison.md,validated,local_pdf,"Direct: limb behavior, vertical structure, or line-of-sight interpretation.",Page count matches; 0 sparse page(s); 0 replacement character(s); OCR used on 0 page(s).,8c9909eb6f8dfbf5a936d0b829fb8bd3eb3ce48a56471c3dab66520e0aafd2e0,4,4,17256
vinatier2015seasonal,article,Seasonal variations in Titan’s middle atmosphere during the northern spring derived from Cassini/CIRS observations,Sandrine Vinatier and Bruno Bézard and Sébastien Lebonnois and Nick A. Teanby and Richard K. Achterberg and Nicolas Gorius and Andrei Mamoutkine and Ever Guandique and Antoine Jolly and Donalds E. Jennings and F. Michael Flasar,Icarus,2015,10.1016/j.icarus.2014.11.019,doi:10.1016/j.icarus.2014.11.019,https://doi.org/10.1016/j.icarus.2014.11.019,data/papers/vinatier2015seasonal.pdf,data/papers-md/vinatier2015seasonal.md,needs_review,local_pdf,"Direct: CIRS limb retrievals of seasonal temperature, gas, and aerosol structure.",The local PDF has corrupt compressed streams and renders as blank pages with Poppler; replace only after preserving this file and checking a lawful copy.; Page count matches; 21 sparse page(s); 0 replacement character(s); OCR used on 0 page(s).,0016d500ebc328c7f2c117400add17482a3988de38230cafc96705675b6adf5d,21,21,0
neilson2018limb,article,Limb darkening and planetary transits II: Intensity profile bias factors for a grid of model stellar atmospheres,H. Neilson and J. B. Lester and F. Baron,Astronomy & Astrophysics,2018,10.1051/0004-6361/201833635,doi:10.1051/0004-6361/201833635,https://doi.org/10.1051/0004-6361/201833635,data/papers/neilson2018limb.pdf,data/papers-md/neilson2018limb.md,validated,local_pdf,"Direct: limb behavior, vertical structure, or line-of-sight interpretation.",Page count matches; 0 sparse page(s); 0 replacement character(s); OCR used on 0 page(s).,efdead1e24016212e73871a5b797c1c1918c5eb9d35bd4e26cb6c0feef7934b2,10,10,79305
VIMSclouds,article,{Titan's cloud seasonal activity from winter to spring with Cassini/VIMS},{Rodriguez,Icarus,2011,10.1016/j.icarus.2011.07.031,doi:10.1016/j.icarus.2011.07.031,https://doi.org/10.1016/j.icarus.2011.07.031,,,not_converted,metadata_only,"Direct: Cassini VIMS instrument, processing, or Titan VIMS result.",Same DOI as Rodriguez2011Clouds.; Metadata from the existing BibTeX entry; local PDF not audited.,,,,
Rodriguez2009Global,article,{Global circulation as the main source of cloud activity on Titan},{Rodriguez,\nat,2009,10.1038/nature08014,doi:10.1038/nature08014,https://doi.org/10.1038/nature08014,,,not_converted,metadata_only,"Context: Titan atmosphere, circulation, clouds, or mission science.",Metadata from the existing BibTeX entry; local PDF not audited.,,,,
rodriguez2018observational,article,Observational evidence for active dust storms on Titan at equinox,"{Rodriguez}, S and Le Mou{\'e}lic, S and Barnes, JW and Kok, JF and Rafkin, SCR and Lorenz, RD and Charnay, B and Radebaugh, J and Narteau, C and Cornet, T and others",Nature Geoscience,2018,,project-bibkey:rodriguez2018observational,,,,not_converted,metadata_only,"Context: Titan atmosphere, circulation, clouds, or mission science.",Metadata from the existing BibTeX entry; local PDF not audited.; No outside stable identifier or source URL has been verified; the ledger uses the stable project key.,,,,
Brown2010Clouds,article,{Clouds on Titan during the Cassini prime mission: A complete analysis of the VIMS data},"{Brown}, M.~E. and {Roberts}, J.~E. and {Schaller}, E.~L.",Icarus,2010,10.1016/j.icarus.2009.08.024,doi:10.1016/j.icarus.2009.08.024,https://doi.org/10.1016/j.icarus.2009.08.024,,,not_converted,metadata_only,"Direct: Cassini VIMS instrument, processing, or Titan VIMS result.",Metadata from the existing BibTeX entry; local PDF not audited.,,,,
Schaller_etal09,article,Storms in the tropics of Titan,E. L Schaller and H. G Roe and T Schneider and M. E Brown,Nature,2009,10.1038/nature08193,doi:10.1038/nature08193,https://doi.org/10.1038/nature08193,,,not_converted,metadata_only,"Context: Titan atmosphere, circulation, clouds, or mission science.",Metadata from the existing BibTeX entry; local PDF not audited.,,,,
Griffith2009Characterization,article,{Characterization of Clouds in Titan's Tropical Atmosphere},{Griffith,\apjl,2009,10.1088/0004-637X/702/2/L105,doi:10.1088/0004-637X/702/2/L105,https://doi.org/10.1088/0004-637X/702/2/L105,,,not_converted,metadata_only,"Context: Titan atmosphere, circulation, clouds, or mission science.",Metadata from the existing BibTeX entry; local PDF not audited.,,,,
Rodriguez2011Clouds,article,{Titan's cloud seasonal activity from winter to spring with Cassini/VIMS},{Rodriguez,\icarus,2011,10.1016/j.icarus.2011.07.031,doi:10.1016/j.icarus.2011.07.031,https://doi.org/10.1016/j.icarus.2011.07.031,,,not_converted,metadata_only,"Direct: Cassini VIMS instrument, processing, or Titan VIMS result.",Same DOI as VIMSclouds.; Metadata from the existing BibTeX entry; local PDF not audited.,,,,
Turtle2018Titan,article,{Titan's Meteorology Over the Cassini Mission: Evidence for Extensive Subsurface Methane Reservoirs},{Turtle,\grl,2018,10.1029/2018GL078170,doi:10.1029/2018GL078170,https://doi.org/10.1029/2018GL078170,,,not_converted,metadata_only,"Context: Titan atmosphere, circulation, clouds, or mission science.",Metadata from the existing BibTeX entry; local PDF not audited.,,,,
west2018seasonal,article,{The seasonal cycle of Titan's detached haze},"{West}, Robert A. and {Seignovert}, Beno{\^\i}t and {Rannou}, Pascal and {Dumont}, Philip and {Turtle}, Elizabeth P. and {Perry}, Jason and {Roy}, Mou and {Ovanessian}, Aida",Nature Astronomy,2018,10.1038/s41550-018-0434-z,doi:10.1038/s41550-018-0434-z,https://doi.org/10.1038/s41550-018-0434-z,data/papers/west2018seasonal.pdf,data/papers-md/west2018seasonal.md,validated,local_pdf,Direct: mission-long seasonal cycle of Titan's detached haze.,Metadata checked against the journal DOI; PDF is the arXiv author manuscript.; Page count matches; 0 sparse page(s); 0 replacement character(s); OCR used on 0 page(s).,f91934a53379cbe033a7922ea96c058728381ed3dc50e89821c9fe1c5a98613f,8,8,60121
1983Icar...55...50R,article,{Vertical distribution of scattering hazes in Titan's upper atmosphere},"{Rages}, K. and {Pollack}, J.~B.",Icarus,1983,10.1016/0019-1035(83)90049-0,doi:10.1016/0019-1035(83)90049-0,https://doi.org/10.1016/0019-1035(83)90049-0,,,not_converted,metadata_only,Direct: Titan haze asymmetry or seasonal change.,Metadata from the existing BibTeX entry; local PDF not audited.,,,,
tribbett2021titan,article,{Titan in Transit: Ultraviolet Stellar Occultation Observations Reveal a Complex Atmospheric Structure},"{Tribbett}, Patrick D. and {Robinson}, Tyler D. and {Koskinen}, Tommi T.",\psj,2021,10.3847/PSJ/abf92d,doi:10.3847/PSJ/abf92d,https://doi.org/10.3847/PSJ/abf92d,,,not_converted,metadata_only,"Direct: limb behavior, vertical structure, or line-of-sight interpretation.",Metadata from the existing BibTeX entry; local PDF not audited.,,,,
snell2024titan,article,{Titan's Atmospheric Albedo Asymmetry and Seasonal Variability Observed through the Cassini Imaging Science Subsystem},"{Snell}, C. and {Banfield}, D.",\psj,2024,10.3847/PSJ/ad0bec,doi:10.3847/PSJ/ad0bec,https://doi.org/10.3847/PSJ/ad0bec,data/papers/snell2024titan.pdf,data/papers-md/snell2024titan.md,validated,local_pdf,Direct: Cassini ISS north-south albedo asymmetry and seasonal variability.,Metadata checked against the open-access publisher record; PDF is the publisher version.; Page count matches; 0 sparse page(s); 0 replacement character(s); OCR used on 0 page(s).,582635eaad3c2c61b233b364583f11333243c335152314260e218f3b1a8b2846,10,10,66254
seignovert2017titan,article,{Aerosols optical properties in Titan's detached haze layer before the equinox},"{Seignovert}, Beno{\^\i}t and {Rannou}, Pascal and {Lavvas}, Panayotis and {Cours}, Thibaud and {West}, Robert A.",\icarus,2017,10.1016/j.icarus.2017.03.026,doi:10.1016/j.icarus.2017.03.026,https://doi.org/10.1016/j.icarus.2017.03.026,,,not_converted,metadata_only,Direct: Titan haze asymmetry or seasonal change.,Metadata from the existing BibTeX entry; local PDF not audited.,,,,
koskinen2011mesosphere,article,{The mesosphere and lower thermosphere of Titan revealed by Cassini/UVIS stellar occultations},"{Koskinen}, T.~T. and {Yelle}, R.~V. and {Snowden}, D.~S. and {Lavvas}, P. and {Sandel}, B.~R. and {Capalbo}, F.~J. and {Benilan}, Y. and {West}, R.~A.",\icarus,2011,10.1016/j.icarus.2011.09.022,doi:10.1016/j.icarus.2011.09.022,https://doi.org/10.1016/j.icarus.2011.09.022,,,not_converted,metadata_only,"Direct: limb behavior, vertical structure, or line-of-sight interpretation.",Metadata from the existing BibTeX entry; local PDF not audited.,,,,
maltagliati2015titan,article,{{Titan's atmosphere as observed by Cassini/VIMS solar occultations: CH$_{4}$,{Maltagliati,\icarus,2015,10.1016/j.icarus.2014.10.004,doi:10.1016/j.icarus.2014.10.004,https://doi.org/10.1016/j.icarus.2014.10.004,,,not_converted,metadata_only,"Direct: Cassini VIMS instrument, processing, or Titan VIMS result.",Metadata from the existing BibTeX entry; local PDF not audited.,,,,
bellucci2009titan,article,{Titan solar occultation observed by Cassini/VIMS: Gas absorption and constraints on aerosol composition},"{Bellucci}, A. and {Sicardy}, B. and {Drossart}, P. and {Rannou}, P. and {Nicholson}, P.~D. and {Hedman}, M. and {Baines}, K.~H. and {Burrati}, B.",\icarus,2009,10.1016/j.icarus.2008.12.024,doi:10.1016/j.icarus.2008.12.024,https://doi.org/10.1016/j.icarus.2008.12.024,,,not_converted,metadata_only,"Direct: Cassini VIMS instrument, processing, or Titan VIMS result.",Metadata from the existing BibTeX entry; local PDF not audited.,,,,
2010Icar..207..485D,article,{A tropical haze band in Titan{\textquoteright}s stratosphere},{de Kok,\icarus,2010,10.1016/j.icarus.2009.10.021,doi:10.1016/j.icarus.2009.10.021,https://doi.org/10.1016/j.icarus.2009.10.021,,,not_converted,metadata_only,Direct: Titan haze asymmetry or seasonal change.,Same DOI as dekok2010titan.; Metadata from the existing BibTeX entry; local PDF not audited.,,,,
rannnou2022analysis,article,{{Analysis of four solar occultations by Titan's atmosphere with the infrared channel of the VIMS instrument: Haze,"{Rannou}, P. and {Coutelier}, M. and {Rey}, M. and {Vinatier}, S.",\aap,2022,10.1051/0004-6361/202243045,doi:10.1051/0004-6361/202243045,https://doi.org/10.1051/0004-6361/202243045,,,not_converted,metadata_only,"Direct: Cassini VIMS instrument, processing, or Titan VIMS result.",Metadata from the existing BibTeX entry; local PDF not audited.,,,,
2017Icar..290..134A,article,{Observations of the global haze redistribution on Titan from 2006 to 2015 with OSIRIS at Keck},{{\'A}d{\'a}mkovics,\icarus,2017,10.1016/j.icarus.2017.02.015,doi:10.1016/j.icarus.2017.02.015,https://doi.org/10.1016/j.icarus.2017.02.015,,,not_converted,metadata_only,Direct: Titan haze asymmetry or seasonal change.,Same DOI as adámkovics2017titan.; Metadata from the existing BibTeX entry; local PDF not audited.,,,,
porco2005titan,article,{Imaging of Titan from the Cassini spacecraft},"{Porco}, Carolyn C. and {Baker}, Emily and {Barbara}, John and {Beurle}, Kevin and {Brahic}, Andre and {Burns}, Joseph A. and {Charnoz}, Sebastien and {Cooper}, Nick and {Dawson}, Douglas D. and {Del Genio}, Anthony D. and {Denk}, Tilmann and {Dones}, Luke and {Dyudina}, Ulyana and {Evans}, Michael W. and {Fussner}, Stephanie and {Giese}, Bernd and {Grazier}, Kevin and {Helfenstein}, Paul and {Ingersoll}, Andrew P. and {Jacobson}, Robert A. and {Johnson}, Torrence V. and {McEwen}, Alfred and {Murray}, Carl D. and {Neukum}, Gerhard and {Owen}, William M. and {Perry}, Jason and {Roatsch}, Thomas and {Spitale}, Joseph and {Squyres}, Steven and {Thomas}, Peter and {Tiscareno}, Matthew and {Turtle}, Elizabeth P. and {Vasavada}, Ashwin R. and {Veverka}, Joseph and {Wagner}, Roland and {West}, Robert",\nat,2005,10.1038/nature03436,doi:10.1038/nature03436,https://doi.org/10.1038/nature03436,,,not_converted,metadata_only,"Context: Titan atmosphere, circulation, clouds, or mission science.",Metadata from the existing BibTeX entry; local PDF not audited.,,,,
adámkovics2017titan,article,{Observations of the global haze redistribution on Titan from 2006 to 2015 with OSIRIS at Keck},{{\'A}d{\'a}mkovics,\icarus,2017,10.1016/j.icarus.2017.02.015,doi:10.1016/j.icarus.2017.02.015,https://doi.org/10.1016/j.icarus.2017.02.015,,,not_converted,metadata_only,Direct: Titan haze asymmetry or seasonal change.,Same DOI as 2017Icar..290..134A.; Metadata from the existing BibTeX entry; local PDF not audited.,,,,
Ádámkovics2006Titan,article,Titan's bright spots: Multiband spectroscopic measurement of surface diversity and hazes,"Ádámkovics, M. and de Pater, I. and Hartung, M. and Eisenhauer, F. and Genzel, R. and Griffith, C. A.",Journal of Geophysical Research: Planets,2006,10.1029/2005JE002610,doi:10.1029/2005JE002610,https://doi.org/10.1029/2005JE002610,,,not_converted,metadata_only,Direct: Titan haze asymmetry or seasonal change.,Metadata from the existing BibTeX entry; local PDF not audited.,,,,
Tomasko2005Titan,article,"{Rain, winds and haze during the Huygens probe's descent to Titan's surface}",{Tomasko,\nat,2005,10.1038/nature04126,doi:10.1038/nature04126,https://doi.org/10.1038/nature04126,,,not_converted,metadata_only,Direct: Titan haze asymmetry or seasonal change.,Same work as tomasko2005rain; this entry has the DOI.; Metadata from the existing BibTeX entry; local PDF not audited.,,,,
gibbard2004titan,article,{Titan's 2 {\ensuremath{\mu}}m surface albedo and haze optical depth in 1996-2004},"{Gibbard}, S.~G. and {de Pater}, I. and {Macintosh}, B.~A. and {Roe}, H.~G. and {Max}, C.~E. and {Young}, E.~F. and {McKay}, C.~P.",\grl,2004,10.1029/2004GL019803,doi:10.1029/2004GL019803,https://doi.org/10.1029/2004GL019803,,,not_converted,metadata_only,Direct: Titan haze asymmetry or seasonal change.,Metadata from the existing BibTeX entry; local PDF not audited.,,,,
dekok2010titan,article,{A tropical haze band in Titan{\textquoteright}s stratosphere},{de Kok,\icarus,2010,10.1016/j.icarus.2009.10.021,doi:10.1016/j.icarus.2009.10.021,https://doi.org/10.1016/j.icarus.2009.10.021,,,not_converted,metadata_only,Direct: Titan haze asymmetry or seasonal change.,Same DOI as 2010Icar..207..485D.; Metadata from the existing BibTeX entry; local PDF not audited.,,,,
rannou2010titan,article,{Titan haze distribution and optical properties retrieved from recent observations},{Rannou,\icarus,2010,10.1016/j.icarus.2010.03.016,doi:10.1016/j.icarus.2010.03.016,https://doi.org/10.1016/j.icarus.2010.03.016,,,not_converted,metadata_only,Direct: Titan haze asymmetry or seasonal change.,Metadata from the existing BibTeX entry; local PDF not audited.,,,,
lavvas2009titan,article,{The detached haze layer in Titan's mesosphere},"{Lavvas}, Panayotis and {Yelle}, Roger V. and {Vuitton}, V{\'e}ronique",\icarus,2009,10.1016/j.icarus.2009.01.004,doi:10.1016/j.icarus.2009.01.004,https://doi.org/10.1016/j.icarus.2009.01.004,,,not_converted,metadata_only,Direct: Titan haze asymmetry or seasonal change.,Metadata from the existing BibTeX entry; local PDF not audited.,,,,
sotin2016characteristics,inproceedings,{Characteristics of Titan's haze derived from solar occultation observations in the infrared},"{Sotin}, Christophe and {Lawrence}, Kenneth J. and {Marmuse}, Florian and {Xu}, Feng and {West}, Robert and {Brown}, Robert H. and {Baines}, Kevin and {Buratti}, Bonnie J. and {Clark}, Roger Nelson and {Nicholson}, Philip D.",AAS/Division for Planetary Sciences Meeting Abstracts \#48,2016,,https://ui.adsabs.harvard.edu/abs/2016DPS....4851508S,https://ui.adsabs.harvard.edu/abs/2016DPS....4851508S,,,not_converted,metadata_only,"Direct: limb behavior, vertical structure, or line-of-sight interpretation.",Metadata from the existing BibTeX entry; local PDF not audited.,,,,
kim2013spectral,article,{Spectral characteristics of the Titanian haze at 1-5 micron from Cassini/VIMS solar occultation data},"{Kim}, Sang J. and {Courtin}, R{\'e}gis",\aap,2013,10.1051/0004-6361/201322173,doi:10.1051/0004-6361/201322173,https://doi.org/10.1051/0004-6361/201322173,,,not_converted,metadata_only,"Direct: Cassini VIMS instrument, processing, or Titan VIMS result.",Metadata from the existing BibTeX entry; local PDF not audited.,,,,
clark2018vims,techreport,"The VIMS Wavelength and Radiometric Calibration 19, Final Report","Clark, Roger N. and Brown, Robert H. and Lytle, Dyer M. and Hedman, Matthew M.","NASA Planetary Data System, Planetary Atmospheres Node",2018,10.17189/1504137,doi:10.17189/1504137,https://doi.org/10.17189/1504137,data/papers/clark2018vims.pdf,data/papers-md/clark2018vims.md,validated,local_pdf,Direct: final VIMS wavelength and radiometric calibration and known limits.,Metadata checked against the NASA PDS record; PDF downloaded from the PDS record.; Page count matches; 0 sparse page(s); 0 replacement character(s); OCR used on 0 page(s).,19883c0b24bb0bf711d012dc0afa9652716cf24b0aa865cd0b6cec51cb0e7e22,30,30,38114
lemouelic2019archive,article,The Cassini VIMS archive of Titan: From browse products to global infrared color maps,"Le Mou{\'e}lic, St{\'e}phane and Cornet, Thomas and Rodriguez, S{\'e}bastien and Sotin, Christophe and Seignovert, Beno{\^\i}t and Barnes, Jason W. and Brown, Robert H. and Baines, Kevin H. and Buratti, Bonnie J. and Clark, Roger N. and Nicholson, Philip D. and Lasue, J{\'e}r{\'e}mie and Pasek, Virginia D. and Soderblom, Jason M.",Icarus,2019,10.1016/j.icarus.2018.09.017,doi:10.1016/j.icarus.2018.09.017,https://doi.org/10.1016/j.icarus.2018.09.017,data/papers/lemouelic2019archive.pdf,data/papers-md/lemouelic2019archive.md,validated,local_pdf,"Direct: complete Titan VIMS archive, calibration, geometry, and image processing.",Metadata checked against the journal DOI and university records; PDF is the arXiv author manuscript.; Page count matches; 0 sparse page(s); 0 replacement character(s); OCR used on 0 page(s).,eeb7017a55846c466a75cc07c8f62805ca7cf7cb4d4abd6d861df4fdc66e01bd,13,13,67616
cooper2025forward,article,Extreme Forward Scattering Observed in Disk-Averaged Near-Infrared Phase Curves of Titan,"Cooper, Chase A. and Robinson, Tyler D. and Barnes, Jason W. and Mayorga, L. C. and Robinthal, Lily",The Planetary Science Journal,2025,10.3847/PSJ/ae071f,doi:10.3847/PSJ/ae071f,https://doi.org/10.3847/PSJ/ae071f,data/papers/cooper2025forward.pdf,data/papers-md/cooper2025forward.md,validated,local_pdf,Direct: full-disk VIMS processing and haze-scattering effects across phase angle.,Journal facts checked against the publisher record; PDF is the arXiv author manuscript.; Page count matches; 0 sparse page(s); 0 replacement character(s); OCR used on 0 page(s).,0090a3ecc4e11a09bc89f04c6a2d153ba25425c17d045a116143f1e9c98acc5d,13,13,67270
nixon2025jwst,article,The Atmosphere of Titan in Late Northern Summer from JWST and Keck Observations,"Nixon, Conor A. and B{\'e}zard, Bruno and Cornet, Thomas and Coy, Brandon Park and de Pater, Imke and Es-Sayeh, Ma{\""e}l and Hammel, Heidi B. and Lellouch, Emmanuel and Lombardo, Nicholas A. and L{\'o}pez-Puertas, Manuel and Lora, Juan M. and Rannou, Pascal and Rodriguez, S{\'e}bastien and Teanby, Nicholas A. and Turtle, Elizabeth P. and Achterberg, Richard K. and Alvarez, Carlos and Davies, Ashley G. and de Kleer, Katherine and Doppmann, Greg and Fletcher, Leigh N. and Hayes, Alexander G. and Holler, Bryan J. and Irwin, Patrick G. J. and Jordan, Carolyn and King, Oliver R. T. and Kutsop, Nicholas W. and Marlin, Theresa C. and Melin, Henrik and Milam, Stefanie N. and Molter, Edward M. and Moore, Luke and Nyffenegger-P{\'e}r{\'e}, Yaniss and O'Donoghue, James and O'Meara, John and Rafkin, Scot C. R. and Roman, Michael T. and Rostopchina, Arina and Rowe-Gurney, Naomi and Schmidt, Carl and Schmidt, Judy and Sotin, Christophe and Stallard, Tom S. and Stansberry, John A. and West, Robert A.",Nature Astronomy,2025,10.1038/s41550-025-02537-3,doi:10.1038/s41550-025-02537-3,https://doi.org/10.1038/s41550-025-02537-3,data/papers/nixon2025jwst.pdf,data/papers-md/nixon2025jwst.md,validated,local_pdf,Direct context: post-Cassini northern-summer atmosphere and altitude-sensitive imaging.,Journal facts checked against the publisher record; PDF is the arXiv author manuscript.; Page count matches; 0 sparse page(s); 0 replacement character(s); OCR used on 0 page(s).,0a7ac6ac51b35cf836d294a8e4be97979d75aaa0a4453384adf83b442ddf7384,41,41,103018
