input1,input2,input3,input4,input5,input6,output,usable
1.0,0.5,0.1,0.01,1.0,7.5,-0.04903108711291815,False
0.1,1.0,0.01,0.01,0.5,0.1,-1.6793036614128327,True
0.1,0.5,0.1,2.0,1.0,7.5,0.03393977778182494,True
1.0,1.0,0.1,3.0,1.0,0.01,0.48542125391349356,True
0.1,0.1,0.01,0.1,1.0,0.1,-1.9601609127002828,True
1.0,1.0,1.0,1.0,1.0,1.0,0.12113427758779464,True
0.1,0.1,0.1,5.0,0.1,2.5,0.01286408008547793,True
1.0,0.1,0.1,3.0,0.5,2.5,0.007266858993066588,True
1.0,1.0,1.0,9.99,0.5,9.99,0.062235285640695866,True
1.0,1.0,1.0,0.1,1.0,1.0,0.09558782036243296,True
0.0,0.0,0.0,0.0,1.0,1.0,-1.2706357617679531,False
0.1,0.1,1.0,2.0,0.5,1.0,0.11751531216947617,True
0.1,0.1,0.01,0.1,0.1,0.01,-2.2659389281655606,True
1.0,1.0,1.0,5.0,1.0,5.0,0.010144846977449745,True
0.1,0.1,1.0,0.01,0.5,7.5,0.6685929718385879,False
0.1,0.5,1.0,3.0,1.0,2.5,0.0031688331297834715,True
1.0,0.1,1.0,2.0,0.5,7.5,0.04265404858816063,True
1.0,1.0,0.1,5.0,0.1,9.99,0.016976862907264467,True
0.1,1.0,0.1,3.0,0.5,9.99,-0.004353844985486854,True
0.01,0.5,1.0,1.0,0.5,1.0,0.044938423742731444,True
1.0,0.5,1.0,1.0,0.01,0.1,0.4504653103590078,True
0.1,1.0,1.0,1.0,1.0,7.5,0.03509328636928091,True
1.0,0.5,0.1,2.0,1.0,1.0,0.20062646142897891,True
0.1,1.0,0.01,0.01,0.5,0.01,-3.188769261924791,True
0.01,0.5,9.99,0.01,1.0,0.01,-3.255669846582145,True
0.1,1.0,0.1,0.1,5.0,0.1,-1.975177961012573,True
0.01,0.5,0.01,0.01,0.5,9.99,-0.19776142086954862,False
1.0,0.5,1.0,5.0,0.5,2.5,0.007804187018157958,True
0.1,0.5,1.0,3.0,0.1,2.5,0.014333590880612396,True
0.1,1.0,1.0,3.0,0.5,5.0,0.010563347179472382,True
0.1,0.1,0.01,0.1,1.0,0.01,-2.6743552232292602,True
1.0,1.0,1.0,5.0,0.1,5.0,0.02599590361534443,True
1.0,0.5,0.1,2.0,0.1,1.0,0.05025962686951005,True
0.1,1.0,1.0,1.0,0.1,7.5,-0.018528050429006092,True
0.0,0.0,0.0,9.99,0.5,0.0,0.18343111083745064,True
1.0,1.0,0.1,5.0,1.0,9.99,0.00548460687076472,True
1.0,0.01,0.01,0.01,1.0,0.01,-2.9790456846982316,True
0.1,0.1,0.01,0.1,0.1,0.1,-1.7107720831195365,True
1.0,1.0,1.0,1.0,0.1,1.0,-0.011042892847158148,True
0.1,0.1,0.1,5.0,1.0,2.5,0.0065026577787975215,True
1.0,1.0,0.1,3.0,0.1,0.01,0.03533530179578299,True
0.1,0.5,0.1,2.0,0.1,7.5,-0.00036933676104694557,True
0.1,1.0,0.1,5.0,0.5,0.01,0.007849308622571605,True
1.0,0.5,0.1,0.01,0.1,7.5,-0.23973047982483364,False
1.0,1.0,1.0,0.1,0.1,1.0,0.629601639778456,True
0.1,1.0,0.1,0.0,0.0,0.0,-2.6362980751614367,True
9.99,0.5,0.01,0.01,1.0,0.01,-0.259827882999414,True
9.99,0.5,9.99,0.01,0.5,9.99,0.1091400701059883,False
0.1,1.0,0.1,9.99,0.1,0.1,0.0324332898186695,True
1.0,0.5,1.0,0.01,1.0,7.5,-0.015435336469479477,False
1.0,0.1,1.0,3.0,0.5,2.5,0.01225706483779257,True
1.0,1.0,0.1,1.0,1.0,1.0,0.13092846028956473,True
9.99,0.5,9.99,9.99,0.5,0.0,0.18669934672910865,True
0.1,0.1,1.0,5.0,0.1,2.5,0.0325209379635176,True
1.0,1.0,1.0,3.0,1.0,0.01,0.47136946566911186,True
0.1,0.5,1.0,2.0,1.0,7.5,-0.008086083325510515,True
9.99,0.1,0.01,0.01,0.1,9.99,0.4235048664628037,False
9.99,0.1,1.0,1.0,1.0,1.0,0.10878080085374597,True
1.0,1.0,0.1,9.99,0.5,9.99,0.06434899502072128,True
1.0,0.1,1.0,1.0,0.1,0.0,-0.11350788082337221,True
0.1,0.5,9.99,0.1,0.5,0.1,-1.866521936267165,True
0.01,1.0,0.01,0.1,1.0,0.1,-1.9260088314134438,True
1.0,1.0,0.1,0.1,1.0,1.0,0.21184256843350102,True
0.1,0.1,0.1,2.0,0.5,1.0,0.08974780200940191,True
0.1,0.1,0.1,0.01,0.5,7.5,0.0689099507333798,False
1.0,1.0,0.1,5.0,1.0,5.0,0.009629219136212536,True
0.01,0.01,1.0,0.01,1.0,1.0,-0.26059910192643015,False
1.0,0.1,0.1,2.0,0.5,7.5,0.008876717059674234,True
0.1,0.5,0.1,3.0,1.0,2.5,0.013053730818484738,True
0.01,1.0,0.01,1.0,0.1,0.01,-0.13093855068830268,True
9.99,1.0,9.99,0.1,1.0,0.1,-0.8070255747895175,True
0.1,1.0,1.0,3.0,0.5,9.99,0.037756824698486124,True
1.0,1.0,1.0,5.0,0.1,9.99,-0.02220219661024881,True
1.0,0.5,0.1,1.0,0.01,0.1,0.6466848496343292,True
0.01,0.1,9.99,0.01,0.1,9.99,0.13902799862111956,False
0.5,1.0,0.1,0.01,1.0,0.1,-0.15873813886577737,True
1.0,0.5,1.0,2.0,1.0,1.0,0.2067000106630677,True
0.01,1.0,0.01,0.1,0.1,0.01,-2.4220089974913384,True
0.1,1.0,0.1,1.0,1.0,7.5,-0.004971622805792664,True
9.99,1.0,0.0,0.0,0.0,9.99,-0.7268335845813834,True
0.01,1.0,0.01,1.0,1.0,0.01,0.02253927506414355,True
9.99,1.0,9.99,0.1,0.1,0.1,0.575061928486856,True
0.1,0.5,0.1,3.0,0.1,2.5,0.014555053062444617,True
1.0,0.5,0.1,5.0,0.5,2.5,0.017027307324382623,True
0.1,0.5,0.1,0.1,0.5,0.0,-2.447402774867995,True
1.0,1.0,0.1,5.0,0.1,5.0,0.003200934985935877,True
0.1,1.0,0.1,3.0,0.5,5.0,0.0008479044866674113,True
0.1,1.0,0.1,1.0,0.1,7.5,0.01805082764774315,True
1.0,0.5,1.0,2.0,0.1,1.0,0.01130032163098571,True
0.01,1.0,0.01,0.1,1.0,0.01,-2.858226567427793,True
9.99,0.5,0.1,9.99,0.5,0.1,0.1954456864390572,True
0.01,0.1,9.99,0.01,1.0,9.99,-0.2927896731158226,False
1.0,1.0,1.0,5.0,1.0,9.99,0.0132958687779854,True
1.0,0.5,9.99,9.99,0.5,1.0,0.1737512315650645,True
9.99,0.1,0.01,0.01,1.0,9.99,-0.19639078830913104,False
0.1,1.0,1.0,5.0,0.5,0.01,0.009750982562549644,True
0.1,0.5,1.0,2.0,0.1,7.5,0.01591343919918292,True
1.0,1.0,1.0,3.0,0.1,0.01,0.039696138519862145,True
1.0,1.0,0.1,1.0,0.1,1.0,0.05020078784900486,True
0.1,0.1,1.0,5.0,1.0,2.5,0.011531430530776099,True
1.0,0.5,1.0,0.01,0.1,7.5,-0.20554811156189035,False
0.1,1.0,0.1,9.99,1.0,0.1,0.4440315553525906,True
1.0,1.0,0.1,0.1,0.1,1.0,0.785431522495008,True
0.01,1.0,0.01,0.1,0.1,0.1,-1.7708936616322997,True
1.0,0.5,9.99,1.0,1.0,9.99,0.06662196590299643,True
1.0,0.1,1.0,1.0,1.0,0.0,0.013631600739589578,True
9.99,0.1,1.0,1.0,0.1,1.0,0.013635022031414396,True
1.0,0.5,0.01,1.0,0.5,0.01,-0.02825112363014548,True
0.1,1.0,1.0,2.0,0.5,2.5,0.07259054337384979,True
1.0,0.5,1.0,0.01,0.1,5.0,-0.006509305439481583,False
0.1,0.1,1.0,2.0,1.0,0.01,-0.14545433909508812,True
9.99,0.5,1.0,9.99,1.0,1.0,0.35382862315650665,True
1.0,1.0,0.0,1.0,1.0,1.0,0.1266442122622059,True
1.0,1.0,1.0,0.01,0.5,2.5,0.040140080924579435,False
0.1,0.5,1.0,2.0,0.1,5.0,0.0007944342862004211,True
1.0,0.1,1.0,0.01,1.0,0.01,-1.9733635784165384,True
1.0,0.1,9.99,9.99,0.1,9.99,0.03126206862526681,True
1.0,1.0,1.0,1.0,0.5,0.01,0.04295316370856633,True
9.99,0.5,1.0,1.0,0.5,9.99,0.03088430489085378,True
0.1,1.0,0.1,5.0,0.1,1.0,0.014484506143507658,True
1.0,0.1,1.0,1.0,1.0,2.5,0.049618284315360056,True
1.0,1.0,0.1,3.0,0.5,1.0,0.10931627267648902,True
1.0,0.5,0.1,0.01,1.0,9.99,0.027133368451542128,False
0.1,0.5,0.1,2.0,1.0,9.99,0.0558744112039543,True
0.1,1.0,0.1,3.0,0.5,7.5,-0.006182449384709146,True
1.0,1.0,0.1,5.0,0.1,7.5,0.007728099716428599,True
1.0,0.5,0.1,2.0,0.5,0.01,0.17204815515794009,True
0.1,1.0,1.0,1.0,1.0,9.99,-0.015271426202859109,True
0.01,0.5,1.0,1.0,1.0,0.01,0.12634145070680025,True
0.1,0.5,0.1,0.01,0.5,0.01,-2.4161982951584777,True
0.1,0.5,0.1,1.0,0.5,2.5,0.01238778914182212,True
0.0,0.0,0.01,0.01,1.0,0.0,-3.7856774705365894,True
0.1,0.1,1.0,0.01,0.5,9.99,0.20738482807969472,False
0.01,1.0,0.01,0.01,1.0,0.0,-3.66728668694907,True
0.1,1.0,0.1,1.0,0.1,5.0,0.03863290815880828,True
1.0,0.1,1.0,2.0,0.5,9.99,0.008268965945387868,True
0.01,0.01,0.01,0.01,0.01,0.01,-3.13110028737184,True
1.0,0.1,0.1,2.0,0.5,5.0,0.023357763591507735,True
1.0,1.0,1.0,0.1,0.5,0.1,-0.3308470824340001,True
0.1,1.0,1.0,1.0,0.1,9.99,0.029847954274907947,True
0.1,0.5,0.0,0.1,0.5,0.0,-2.619867115935916,True
0.1,0.1,0.1,0.01,0.5,5.0,-0.012297401572461064,False
1.0,1.0,0.1,5.0,1.0,7.5,0.028446422335777488,True
0.01,1.0,1.0,1.0,0.01,1.0,-0.017274808557381782,True
1.0,1.0,1.0,1.0,0.5,0.1,0.05514675151383458,True
0.1,1.0,0.1,1.0,1.0,5.0,0.055262683326186834,True
0.01,1.0,0.01,0.01,0.1,0.0,-3.7829091613305645,True
0.0,0.0,0.01,0.01,0.1,0.0,-3.3782220406275485,True
1.0,0.1,9.99,9.99,1.0,9.99,0.13409006220217556,True
1.0,0.1,1.0,0.01,0.1,0.01,-0.34998197547368426,True
0.1,0.5,1.0,2.0,1.0,5.0,0.02128917518716772,True
1.0,1.0,0.0,1.0,0.1,1.0,0.05751199625340314,True
0.1,0.5,0.1,0.01,0.5,0.1,-1.3618407705697915,True
0.1,0.1,1.0,2.0,0.1,0.01,-0.007823280120361445,True
0.01,0.1,0.0,0.0,0.0,0.0,-4.2955283892797596,True
1.0,0.5,1.0,0.01,1.0,5.0,0.16964303270726055,False
0.1,0.5,0.1,2.0,0.1,9.99,0.018589454392161364,True
1.0,0.5,0.1,0.01,0.1,9.99,-0.040523185510627224,False
0.1,1.0,0.1,5.0,1.0,1.0,0.025787654376975472,True
1.0,0.1,1.0,1.0,0.1,2.5,-0.008983769065682323,True
9.99,0.5,0.1,0.1,0.5,9.99,-0.0821489431369764,False
0.1,0.1,0.1,2.0,1.0,0.01,-0.1438727501487468,True
1.0,0.5,0.1,0.01,0.1,5.0,-0.1992639145143028,False
1.0,0.1,1.0,0.0,0.1,0.5,1.3304477512100918,True
0.1,1.0,0.1,2.0,0.5,2.5,0.0484812444411564,True
0.1,0.5,0.1,2.0,0.1,5.0,0.02427396135596202,True
1.0,1.0,0.1,0.01,0.5,2.5,0.1289263845113997,False
1.0,1.0,1.0,3.0,0.5,1.0,0.12112097085277479,True
0.1,1.0,1.0,5.0,0.1,1.0,0.023322029776284448,True
1.0,0.1,0.1,1.0,1.0,2.5,0.09011559760777746,True
1.0,0.5,1.0,0.01,1.0,9.99,-0.10301465409625521,False
9.99,1.0,9.99,9.99,0.1,9.99,0.03845321710813787,True
1.0,0.1,0.0,1.0,0.1,0.0,-0.10102003120650388,True
0.1,0.5,1.0,2.0,1.0,9.99,0.02168597096198402,True
1.0,1.0,0.01,1.0,0.01,0.01,1.0605470750932926,True
0.0,0.0,0.0,0.0,0.0,1.0,-1.2706357617679531,False
1.0,0.5,1.0,2.0,0.5,0.01,0.2151656049974398,True
1.0,1.0,1.0,5.0,0.1,7.5,0.03091453751869308,True
0.1,1.0,1.0,3.0,0.5,7.5,0.0083663215832115,True
1.0,0.1,0.1,0.01,0.1,0.1,0.2830713361583802,True
0.1,1.0,1.0,0.5,1.0,1.0,0.014929400902316481,True
0.1,1.0,0.1,1.0,1.0,9.99,0.04876660545718022,True
0.01,0.1,0.01,0.01,0.1,1.0,0.02077335549690429,False
0.01,1.0,0.01,9.99,0.1,9.99,0.023065790002497283,True
0.1,0.5,1.0,1.0,0.5,2.5,0.04778816022980861,True
0.1,0.1,0.1,0.01,0.5,9.99,-0.06017548149925678,False
0.1,1.0,0.1,0.1,1.0,9.99,-0.0685948452899166,False
0.1,1.0,1.0,1.0,0.1,5.0,-0.011259971530766424,True
0.01,0.5,0.1,0.1,1.0,0.01,-2.700194812341832,True
1.0,0.1,0.1,2.0,0.5,9.99,0.0013169344376840683,True
0.1,0.5,9.99,9.99,0.5,9.99,0.06504167622376916,True
1.0,0.1,1.0,2.0,0.5,5.0,-0.008170857967874604,True
0.01,1.0,0.01,9.99,1.0,9.99,0.10338954157898722,True
0.1,1.0,0.1,1.0,0.1,9.99,-0.03731868407724678,True
0.01,1.0,9.99,9.99,0.5,0.01,0.21294855187402356,True
0.01,0.1,0.01,0.01,1.0,1.0,-0.08060691806201281,False
1.0,1.0,0.1,0.1,0.5,0.1,0.09293122307834756,True
1.0,1.0,1.0,5.0,1.0,7.5,0.011606638641466965,True
0.1,0.1,1.0,0.01,0.5,5.0,-0.2403599125564057,False
0.1,1.0,1.0,1.0,1.0,5.0,0.03678297557419165,True
1.0,1.0,0.1,1.0,0.5,0.1,0.0994755827815913,True
0.1,1.0,0.1,0.1,0.1,9.99,0.07699829000806464,False
0.01,1.0,0.01,1.0,0.5,1.0,0.03917333580916805,True
0.01,0.5,0.0,0.01,1.0,0.0,-3.4174763785522533,True
0.1,0.5,0.1,2.0,1.0,5.0,-0.007735927712130761,True
9.99,1.0,9.99,1.0,0.5,1.0,0.04689632080439123,True
1.0,0.5,0.01,1.0,1.0,1.0,0.12238542699535152,True
1.0,0.5,0.1,0.01,1.0,5.0,-0.038996869651392874,False
0.1,0.1,0.1,2.0,0.1,0.01,0.0003366032628991378,True
0.1,0.5,1.0,2.0,0.1,9.99,0.017627109927704464,True
0.1,1.0,0.0,0.0,0.0,0.0,-3.7941720476991505,True
1.0,0.01,1.0,0.01,0.01,1.0,0.6606023948128469,True
9.99,1.0,9.99,9.99,1.0,9.99,0.12247491615315913,True
1.0,0.1,0.0,1.0,1.0,0.0,-0.02403830869750756,True
1.0,0.5,1.0,0.01,0.1,9.99,0.02213942103768274,False
0.01,0.5,0.1,0.1,1.0,0.1,-1.9588310222014498,True
9.99,1.0,0.01,9.99,0.5,0.01,0.18428023064350582,True
0.1,1.0,1.0,5.0,1.0,1.0,-0.00020064153300658472,True
1.0,0.1,0.1,1.0,0.1,2.5,0.024828869209666926,True
0.01,1.0,1.0,0.01,0.01,0.01,-0.32970233017126394,False
0.1,0.1,1.0,1.0,0.1,7.5,0.00640490673703685,True
1.0,0.1,0.1,5.0,1.0,9.99,0.011137344819256094,True
1.0,0.5,1.0,5.0,1.0,0.01,0.008007506768344247,True
0.0,0.0,9.99,9.99,0.1,0.0,0.0420266077243614,True
1.0,0.1,1.0,5.0,0.1,5.0,0.019928676671447064,True
0.1,1.0,0.01,0.1,1.0,0.01,-2.6372749937500326,True
0.1,0.1,1.0,3.0,0.5,5.0,0.00570484119413461,True
0.1,1.0,9.99,0.1,0.5,9.99,0.10133048472096093,False
1.0,0.1,1.0,0.1,0.1,1.0,0.0075250454588999816,True
0.1,0.1,0.1,0.0,0.0,0.0,-2.2368976506207403,True
9.99,0.5,9.99,0.1,1.0,9.99,-0.10334401879884814,False
1.0,0.5,1.0,3.0,0.1,9.99,1.748368417538171e-05,True
0.1,0.5,1.0,5.0,0.5,9.99,0.01048281439299734,True
9.99,0.5,9.99,9.99,0.5,1.0,0.18410531756287324,True
1.0,0.1,1.0,1.0,0.1,1.0,-0.0029794104854134473,True
0.1,1.0,0.1,5.0,1.0,2.5,-0.004760260106923375,True
0.1,1.0,0.01,0.1,0.1,0.1,-0.936598559890918,True
0.1,0.1,0.1,5.0,0.5,0.01,0.014334271955339727,True
1.0,0.1,0.1,3.0,0.1,0.01,0.042470936273937034,True
9.99,0.5,9.99,1.0,1.0,9.99,-0.0012295977301026717,True
1.0,0.5,0.1,3.0,1.0,5.0,-0.006380512708136249,True
0.0,0.0,1.0,0.0,0.0,0.0,-1.2706357617679531,False
1.0,1.0,1.0,0.01,0.5,1.0,0.8359484747152006,True
1.0,0.5,1.0,3.0,1.0,9.99,0.002047159559955457,True
0.1,1.0,1.0,2.0,0.5,1.0,0.1204346553195193,True
0.01,0.1,0.5,0.0,0.0,0.5,1.4057069381931688,False
1.0,0.5,0.1,1.0,0.5,7.5,-0.03094001405427546,True
1.0,0.1,1.0,0.1,1.0,1.0,-0.07177352369931084,True
0.1,0.5,0.1,5.0,0.5,5.0,0.01261611222492491,True
1.0,0.5,0.1,3.0,0.1,5.0,0.017307680165252748,True
1.0,0.1,0.1,3.0,1.0,0.01,0.48296434475437566,True
1.0,1.0,0.1,3.0,0.5,2.5,0.02115377968072249,True
9.99,1.0,0.1,9.99,0.5,9.99,0.06233023831182957,True
1.0,0.1,1.0,1.0,1.0,1.0,0.12281959220835091,True
0.1,1.0,0.1,5.0,0.1,2.5,-0.0011546238905657882,True
0.1,1.0,0.01,0.1,1.0,0.1,-1.6868386066341432,True
0.01,0.5,0.0,0.01,0.5,0.01,-3.694229738217689,True
0.1,0.1,0.1,3.0,0.5,9.99,0.0019450488350547246,True
0.1,0.5,0.1,9.99,1.0,9.99,0.11937848304201658,True
1.0,0.1,0.1,5.0,0.1,9.99,0.017018307726720833,True
0.1,0.1,1.0,1.0,1.0,7.5,0.0461484083590461,True
0.1,0.5,0.1,0.1,0.5,1.0,-0.06004425930933549,True
0.01,0.01,0.01,1.0,0.01,1.0,0.0032497925752979634,True
1.0,0.1,1.0,5.0,1.0,5.0,-0.01594596626473871,True
0.1,1.0,0.01,0.1,0.1,0.01,-1.8966941278493197,True
0.1,1.0,1.0,0.01,0.5,7.5,-0.2657465705482571,False
0.1,0.5,0.1,1.0,0.5,1.0,0.05327017620636393,True
0.01,0.5,1.0,0.01,1.0,1.0,-0.1999617179975001,False
0.0,0.0,9.99,9.99,1.0,0.0,0.5849389406692306,True
1.0,1.0,1.0,2.0,0.5,7.5,0.03582519109899555,True
1.0,0.5,1.0,5.0,0.1,0.01,0.017321508563709787,True
0.1,0.5,1.0,3.0,0.5,0.01,0.21771811637901808,True
1.0,0.5,0.0,0.0,0.5,0.0,-0.3532485558333405,True
0.1,0.1,0.1,1.0,0.1,7.5,-0.05965856365839892,True
0.01,0.1,0.01,0.1,1.0,0.01,-2.85081451233432,True
0.01,1.0,0.01,0.01,0.5,0.01,-3.4119955909340516,True
1.0,0.1,1.0,5.0,1.0,9.99,0.02439274839767036,True
0.0,0.0,0.01,0.01,0.5,0.01,-3.278603489367397,True
0.01,1.0,9.99,0.01,1.0,9.99,0.024152794469926353,False
1.0,0.5,0.1,5.0,1.0,0.01,0.01046837439132764,True
9.99,0.1,9.99,0.1,0.1,0.1,-0.9522989483659803,True
0.01,0.1,0.01,1.0,1.0,0.01,0.026692779206349604,True
0.1,0.1,0.1,3.0,0.5,5.0,0.004038434673720309,True
1.0,0.1,0.1,5.0,0.1,5.0,0.020815111230725047,True
0.5,0.1,1.0,0.0,0.1,0.5,1.348896252721278,True
1.0,0.1,0.1,0.1,0.1,1.0,0.15262257897166193,True
1.0,0.01,1.0,1.0,0.01,0.01,-0.11397101094953416,True
9.99,1.0,1.0,1.0,0.1,1.0,0.05023404977429541,True
0.1,0.5,0.1,5.0,0.5,9.99,0.014259310052413376,True
1.0,0.5,0.1,3.0,0.1,9.99,-0.006975223198079639,True
0.01,0.1,0.01,0.1,0.1,0.1,-1.8311981811041145,True
1.0,1.0,1.0,1.0,1.0,0.0,0.0515798986213748,True
9.99,0.5,0.0,9.99,1.0,0.0,0.735266858164537,True
1.0,0.1,1.0,3.0,0.1,0.01,0.04584595937274144,True
0.1,0.1,1.0,5.0,0.5,0.01,0.011038989423085871,True
9.99,1.0,9.99,0.01,0.5,0.01,-0.05982119348584836,True
0.1,0.5,0.0,0.1,1.0,0.1,-1.8860415537367468,True
1.0,0.1,0.1,1.0,0.1,1.0,-0.011382509569412808,True
0.1,1.0,1.0,5.0,1.0,2.5,-0.004472924415929669,True
1.0,0.5,0.01,0.01,1.0,0.01,-0.5966807472028192,True
9.99,1.0,0.01,0.01,1.0,9.99,-0.703966850090606,False
0.1,0.1,0.1,9.99,1.0,0.1,0.45328145606453313,True
0.0,0.0,0.0,0.0,1.0,0.0,-1.2706357617679531,False
1.0,0.5,1.0,3.0,1.0,5.0,0.016619540151784285,True
1.0,1.0,1.0,1.0,0.1,0.0,0.10534566551661567,True
0.01,0.1,0.01,0.1,1.0,0.1,-1.971445010908675,True
1.0,0.5,0.1,3.0,1.0,9.99,0.013254901500866726,True
9.99,1.0,1.0,1.0,1.0,1.0,0.12068753336722193,True
1.0,0.5,1.0,1.0,0.5,7.5,0.01871513135544032,True
0.1,1.0,0.1,2.0,0.5,1.0,0.10580653935400425,True
1.0,1.0,0.01,0.01,0.01,1.0,1.161895284310002,True
0.01,1.0,0.01,0.01,0.5,0.1,-2.2195930001977775,True
1.0,0.1,0.1,0.1,1.0,1.0,-0.05381942867924491,True
1.0,0.5,1.0,3.0,0.1,5.0,0.013510469813720775,True
0.1,0.5,1.0,5.0,0.5,5.0,0.00031077873872057196,True
0.1,0.1,0.1,9.99,0.1,0.1,0.03473157455770446,True
9.99,1.0,0.01,0.01,0.1,9.99,-0.10243067962304564,False
1.0,0.1,0.1,1.0,1.0,1.0,0.10958094216542433,True
0.1,1.0,1.0,5.0,0.1,2.5,0.009471091847939355,True
9.99,1.0,1.0,9.99,0.5,9.99,0.0714712062661049,True
1.0,1.0,1.0,3.0,0.5,2.5,0.012941866171425065,True
1.0,0.1,1.0,3.0,1.0,0.01,0.4656193236742222,True
0.01,1.0,9.99,0.01,0.1,9.99,0.4476315249936892,False
1.0,0.1,1.0,5.0,0.1,9.99,0.005619454079841164,True
0.1,0.1,1.0,3.0,0.5,9.99,0.012787308162390064,True
0.01,0.1,0.01,0.1,0.1,0.01,-2.4952346570527952,True
9.99,0.1,0.0,0.0,0.0,9.99,-0.7279997238083702,True
0.1,0.1,0.1,1.0,1.0,7.5,0.004233972926408661,True
0.1,0.5,1.0,0.1,0.5,1.0,-0.0992249024336135,True
0.1,1.0,0.1,0.01,0.5,7.5,-0.05135642321844944,False
1.0,0.1,0.1,5.0,1.0,5.0,0.009590174129848784,True
9.99,0.1,9.99,0.1,1.0,0.1,-1.7352676090863821,True
0.01,0.1,0.01,1.0,0.1,0.01,-0.14046476953471632,True
0.1,0.5,0.1,3.0,0.5,0.01,0.1966567977678278,True
1.0,0.5,0.1,5.0,0.1,0.01,0.005596843921794319,True
1.0,1.0,0.1,2.0,0.5,7.5,0.03386485166017435,True
0.1,0.5,1.0,1.0,0.5,1.0,0.060139069567809345,True
1.0,0.1,1.0,1.0,0.5,0.1,0.0231150087517632,True
0.1,0.1,0.1,1.0,1.0,5.0,0.01018403312366957,True
0.01,0.5,9.99,9.99,0.5,9.99,0.06625916218315145,True
0.1,0.5,1.0,3.0,0.1,1.0,0.018842899042499014,True
9.99,1.0,0.1,0.1,0.5,0.1,0.3706216495459521,True
1.0,0.5,1.0,5.0,0.5,1.0,0.005440621756373706,True
0.01,0.5,0.01,9.99,1.0,0.01,0.627308926819162,True
0.01,0.1,0.01,0.01,0.1,0.0,-3.4882456231891634,True
0.1,0.1,1.0,1.0,0.1,9.99,0.0006077529127057266,True
1.0,1.0,0.1,2.0,0.5,5.0,0.03694693843345162,True
0.1,0.5,0.1,0.01,0.1,2.5,0.05215928774920375,False
9.99,1.0,0.1,1.0,0.5,0.1,0.11858641921060259,True
0.1,1.0,0.1,0.01,0.5,5.0,-0.12098366561579246,False
1.0,0.5,0.1,2.0,0.1,2.5,0.022329699290086002,True
1.0,0.1,0.1,5.0,1.0,7.5,-0.0019776506667864013,True
1.0,0.5,1.0,1.0,0.5,5.0,0.09205700149329274,True
0.1,0.5,0.1,1.0,1.0,0.1,0.10455423489075294,True
0.1,0.1,0.1,5.0,1.0,1.0,-0.002578852192596681,True
1.0,1.0,1.0,1.0,0.1,2.5,0.042711352114369966,True
0.5,1.0,1.0,1.0,1.0,1.0,0.13268871530001303,True
1.0,1.0,9.99,1.0,0.5,1.0,0.05486287344215293,True
1.0,0.01,0.01,1.0,1.0,1.0,0.12462462090978185,True
9.99,0.5,0.01,9.99,0.5,9.99,0.06468930879565297,True
0.1,0.5,0.1,0.1,1.0,0.1,-1.8204980657217436,True
1.0,0.1,0.0,1.0,0.1,1.0,0.023349331038747534,True
1.0,1.0,1.0,0.01,0.1,0.01,0.1014211407982431,True
1.0,1.0,9.99,9.99,1.0,9.99,0.11302704568667044,True
9.99,0.5,9.99,9.99,1.0,0.01,0.480861478013507,True
0.0,0.0,0.0,0.0,0.0,0.0,-1.2706357617679531,False
0.5,1.0,1.0,0.1,1.0,1.0,0.019675557504255314,True
0.1,0.5,1.0,5.0,0.5,7.5,0.02127578642914285,True
0.1,1.0,1.0,2.0,0.1,0.01,0.0058403284194537,True
1.0,0.5,1.0,3.0,0.1,7.5,0.00908953703369797,True
0.01,1.0,0.0,0.0,0.0,0.0,-4.499381433892076,True
1.0,0.1,0.1,3.0,0.5,1.0,0.01696700842717218,True
0.1,0.1,0.1,5.0,0.1,1.0,-0.004493394564977828,True
1.0,1.0,1.0,1.0,1.0,2.5,0.0723936489665713,True
0.1,1.0,9.99,9.99,0.5,0.1,0.2116743915844827,True
0.1,0.1,1.0,2.0,0.5,2.5,0.06251618876195372,True
1.0,0.5,1.0,3.0,1.0,7.5,0.029304336703918202,True
0.1,1.0,1.0,2.0,1.0,0.01,0.44511088570485335,True
1.0,0.1,1.0,0.01,0.5,2.5,-0.07101759839057088,False
1.0,1.0,9.99,9.99,0.1,9.99,0.024911904834235617,True
1.0,1.0,1.0,0.01,1.0,0.01,-0.30047156502835887,True
1.0,0.1,0.0,1.0,1.0,1.0,0.11079223060787535,True
1.0,0.5,0.1,1.0,0.5,9.99,0.012432643467905489,True
0.1,1.0,1.0,0.01,0.5,9.99,0.5221023155707052,False
0.01,1.0,1.0,0.5,1.0,1.0,0.03285264684828618,True
0.01,0.1,0.01,0.01,1.0,0.0,-3.5906083921970193,True
0.1,0.5,1.0,3.0,1.0,1.0,0.01518968219110256,True
0.01,0.5,1.0,0.01,0.5,0.01,-2.7839248956152765,True
1.0,1.0,1.0,2.0,0.5,9.99,0.018729010459317755,True
0.1,0.1,0.1,1.0,0.1,5.0,0.02373669971592321,True
1.0,0.1,0.1,5.0,0.1,7.5,-0.0009555049068817045,True
0.1,0.1,0.1,3.0,0.5,7.5,0.006425772776984813,True
1.0,0.5,0.1,2.0,1.0,2.5,0.10899541986652272,True
9.99,0.5,9.99,9.99,1.0,0.1,0.4583634479471929,True
0.1,0.5,0.1,0.1,1.0,0.01,-2.5185548196439935,True
0.1,0.5,0.1,0.01,1.0,2.5,-0.14694590910909822,False
0.1,0.1,1.0,1.0,1.0,9.99,-0.011199003165218768,True
0.1,0.1,1.0,1.0,1.0,5.0,0.03857984076723887,True
1.0,0.5,1.0,0.0,0.5,0.0,-0.002065118224142015,True
0.1,0.1,0.1,0.1,0.1,9.99,-0.052388520094295565,False
1.0,0.1,0.1,1.0,0.5,0.1,-0.006672576692926702,True
1.0,0.5,0.1,5.0,0.5,1.0,0.018672686170461306,True
0.1,0.5,0.1,3.0,0.1,1.0,-0.004851251066733415,True
0.1,0.1,0.1,1.0,0.1,9.99,0.031040637500814677,True
0.01,1.0,0.01,0.01,1.0,1.0,0.029232709543005553,False
0.1,0.5,1.0,0.01,0.1,2.5,0.07355433832059877,False
0.01,0.1,0.01,9.99,1.0,9.99,0.1330147779187844,True
1.0,1.0,1.0,2.0,0.5,5.0,0.030494349410660176,True
1.0,0.1,1.0,5.0,1.0,7.5,0.02247865754280448,True
1.0,1.0,0.1,0.01,1.0,0.1,0.3140182718568422,True
1.0,0.5,1.0,2.0,0.1,2.5,0.023956716617186374,True
0.1,1.0,1.0,0.01,0.5,5.0,-0.12432849053988272,False
0.1,0.5,1.0,1.0,1.0,0.1,0.15188694863323166,True
0.01,0.5,0.1,0.01,0.5,0.1,-2.2021164810806773,True
1.0,0.5,0.1,1.0,0.5,5.0,0.020622729907016246,True
0.1,0.1,0.0,0.0,0.0,0.0,-3.190167897766955,True
0.01,0.1,0.5,0.0,0.1,0.5,1.5491362687098769,False
0.1,0.1,1.0,5.0,1.0,1.0,0.0014254057267153453,True
1.0,1.0,0.1,1.0,0.1,2.5,0.039911704491405964,True
1.0,1.0,0.0,1.0,1.0,0.0,0.11214973461918254,True
9.99,0.1,9.99,9.99,1.0,9.99,0.1250167925317155,True
0.5,1.0,0.1,1.0,1.0,1.0,0.1175779540807779,True
1.0,0.5,0.01,0.01,0.5,1.0,0.8707960987846731,True
0.1,0.5,1.0,0.1,1.0,0.1,-1.7257820462231213,True
1.0,0.5,0.1,3.0,0.1,7.5,-0.011400850716740778,True
0.1,1.0,0.1,2.0,0.1,0.01,-0.010526191848729383,True
0.1,0.5,0.1,5.0,0.5,7.5,-0.004012109371287497,True
1.0,1.0,0.0,1.0,0.1,0.0,0.3559954486907563,True
9.99,0.1,9.99,9.99,0.1,9.99,0.015127737759353582,True
0.1,0.1,1.0,5.0,0.1,1.0,0.014170278699627878,True
1.0,1.0,0.1,1.0,1.0,2.5,0.07698527861225286,True
1.0,0.5,1.0,9.99,1.0,1.0,0.34669006499142746,True
1.0,0.1,1.0,3.0,0.5,1.0,0.005064220120141516,True
0.1,1.0,0.1,2.0,1.0,0.01,-0.1321785394914627,True
1.0,0.5,0.1,3.0,1.0,7.5,0.02226347589059561,True
0.1,0.1,0.1,2.0,0.5,2.5,0.0596021955465896,True
0.01,0.5,0.01,0.0,0.0,0.0,-4.296633216318615,True
1.0,0.1,0.1,0.01,0.5,2.5,-0.0761808787263812,False
9.99,1.0,0.0,9.99,0.5,9.99,0.07358618265340514,True
1.0,0.5,1.0,1.0,0.5,9.99,-0.019828917103791737,True
0.1,1.0,0.1,0.01,0.5,9.99,0.05958191872041155,False
0.01,0.5,0.1,0.01,0.5,0.01,-3.089604969836831,True
0.1,0.5,0.1,3.0,1.0,1.0,0.00611903213361964,True
1.0,0.1,0.01,0.0,0.1,0.01,-0.09407991989320236,True
9.99,0.5,9.99,0.0,0.0,0.0,0.02856371337971303,True
1.0,1.0,0.1,2.0,0.5,9.99,-0.03339601822192947,True
0.1,0.1,0.1,0.1,1.0,9.99,0.06164966082019879,False
0.1,0.1,1.0,1.0,0.1,5.0,0.04373616320949464,True
1.0,0.5,1.0,2.0,1.0,2.5,0.09455794737142634,True
0.1,0.1,1.0,3.0,0.5,7.5,0.0025104385834129744,True
1.0,0.1,1.0,5.0,0.1,7.5,-0.007552317319951259,True
0.1,0.5,1.0,0.01,1.0,2.5,0.06818550131852327,False
0.01,0.01,1.0,1.0,1.0,0.01,0.10675838865670306,True
0.01,0.1,0.01,9.99,0.1,9.99,0.027244205963122152,True
0.1,0.1,0.1,1.0,1.0,9.99,0.024122432767448587,True
0.01,1.0,0.01,0.01,0.1,1.0,0.4855174383875721,False
1.0,0.1,0.1,0.01,1.0,2.5,0.12611955981525452,False
9.99,0.1,9.99,1.0,0.1,1.0,0.019329048011233696,True
1.0,0.5,1.0,1.0,1.0,9.99,0.04607665925191157,True
9.99,1.0,0.0,9.99,1.0,9.99,0.1401603770861894,True
0.1,0.1,0.1,2.0,1.0,2.5,0.12305958572825275,True
1.0,0.5,0.1,3.0,0.5,7.5,-0.008992396886949694,True
0.1,0.5,0.1,5.0,0.1,7.5,-0.007231196303205914,True
0.1,1.0,0.1,2.0,0.5,0.01,-0.020352607919278537,True
1.0,1.0,0.01,0.01,0.01,0.01,-0.47512253015110045,True
1.0,0.5,0.1,1.0,0.1,5.0,-0.022912733428694588,True
9.99,0.1,0.01,9.99,0.1,0.01,0.027501304467641374,True
1.0,0.1,1.0,3.0,1.0,1.0,0.020310497040985556,True
1.0,0.5,1.0,9.99,0.5,1.0,0.1709288200107873,True
1.0,1.0,0.1,1.0,0.5,2.5,0.053479275853828986,True
0.1,0.5,1.0,0.01,0.5,2.5,-0.1831982317912415,False
1.0,1.0,1.0,2.0,0.1,5.0,0.010451036541352715,True
1.0,0.1,0.1,0.1,0.1,0.1,-0.6042177456880713,True
0.1,0.1,0.1,1.0,0.5,9.99,0.04577983529109848,True
0.01,0.1,9.99,9.99,0.1,0.01,0.050848927930183474,True
0.1,0.1,1.0,3.0,1.0,7.5,-0.0035375901685994193,True
1.0,0.5,1.0,2.0,0.5,2.5,0.06110374564999564,True
0.1,1.0,1.0,0.01,0.1,5.0,0.20897079205001695,False
1.0,1.0,0.1,2.0,1.0,9.99,0.027943123467569917,True
0.0,0.1,0.0,0.0,0.1,1.0,-1.2706357617679531,False
1.0,0.1,0.1,1.0,0.1,0.1,-0.05782158829406461,True
0.01,0.1,0.01,1.0,0.1,1.0,-0.005530548112316437,True
0.1,1.0,0.1,0.01,1.0,9.99,0.061544257403418845,False
1.0,0.5,0.1,5.0,0.1,1.0,0.0207612476614914,True
0.1,0.5,0.1,3.0,0.5,1.0,0.010490848095222327,True
0.01,0.5,0.1,0.01,1.0,0.01,-3.297752583148337,True
0.1,1.0,1.0,0.01,1.0,5.0,0.23884074681785367,False
0.1,0.1,1.0,3.0,0.1,7.5,0.013491590029615232,True
1.0,0.01,1.0,0.0,0.1,1.0,1.1145441531918476,True
1.0,0.1,1.0,5.0,0.5,7.5,-0.0006373827144986188,True
0.01,1.0,0.01,0.01,0.5,1.0,0.06468065327683833,False
0.01,0.1,9.99,9.99,1.0,0.01,0.4791078346766556,True
1.0,0.1,0.1,0.1,1.0,0.1,-1.7087496851820183,True
1.0,1.0,1.0,2.0,1.0,5.0,0.08392402922345191,True
1.0,0.5,0.1,5.0,1.0,1.0,0.004917681815077436,True
0.01,0.1,0.01,1.0,1.0,1.0,0.13097457149308273,True
0.1,1.0,0.1,0.01,0.1,9.99,-0.25708951027286014,False
0.1,1.0,0.1,0.0,0.0,0.1,-0.9524881356889235,True
1.0,0.1,0.1,1.0,1.0,0.1,0.10541884827288867,True
0.1,0.1,1.0,1.0,0.5,5.0,0.03889287996454984,True
1.0,1.0,0.1,2.0,0.1,9.99,-0.0020334044198947084,True
0.1,0.5,0.1,5.0,1.0,7.5,-0.0010315600212602583,True
0.1,0.1,0.1,2.0,0.1,2.5,0.025674964914110275,True
1.0,0.01,1.0,1.0,0.01,1.0,0.0009841805932217507,True
0.1,0.5,1.0,0.1,0.5,0.1,-1.6915018078805515,True
1.0,0.5,1.0,1.0,0.1,9.99,0.037862294511552146,True
9.99,1.0,0.0,9.99,0.1,9.99,0.01013253964679825,True
9.99,0.1,9.99,1.0,1.0,1.0,0.13302403972507845,True
1.0,0.1,0.1,0.01,0.1,2.5,-0.031937627764606624,False
0.1,0.1,1.0,5.0,0.5,1.0,0.011327945602073008,True
1.0,0.1,1.0,3.0,0.1,1.0,0.009199246018944007,True
9.99,0.1,0.01,9.99,1.0,0.01,0.6255997295087639,True
1.0,0.5,0.01,0.01,1.0,1.0,0.7434655538598567,True
1.0,1.0,0.0,1.0,0.5,0.0,0.06778306910684778,True
1.0,0.5,0.1,1.0,1.0,5.0,0.022409208944086823,True
0.01,0.5,0.1,0.01,1.0,0.1,-2.4007030920551045,True
0.1,0.5,1.0,1.0,0.5,0.1,0.005336545075829979,True
1.0,1.0,1.0,0.01,0.5,0.01,-0.06885333972098424,True
1.0,0.1,1.0,0.01,1.0,2.5,0.251366700319792,False
1.0,0.5,0.1,1.0,1.0,9.99,-0.012318009057090079,True
0.1,1.0,1.0,2.0,0.5,0.01,0.19139749629910616,True
0.1,0.5,1.0,5.0,0.1,7.5,-0.01378063555230255,True
1.0,0.5,1.0,3.0,0.5,7.5,-0.0019087164229776507,True
0.1,0.1,1.0,2.0,1.0,2.5,0.10127791757803897,True
0.1,1.0,9.99,9.99,1.0,0.1,0.45120321901707944,True
1.0,0.5,1.0,1.0,0.1,5.0,0.026196536283929785,True
1.0,1.0,9.99,1.0,0.1,1.0,0.0021342440551437372,True
1.0,1.0,1.0,1.0,0.5,2.5,0.052049109579496294,True
1.0,0.1,0.1,3.0,1.0,1.0,0.0047279982930513165,True
1.0,0.1,1.0,1.0,1.0,0.01,0.1446147992947156,True
1.0,1.0,0.1,2.0,0.1,5.0,0.0321545752583724,True
0.1,0.5,0.1,0.01,0.5,2.5,0.35332914098331475,False
0.1,0.1,1.0,1.0,0.5,9.99,0.06102283056135738,True
1.0,0.1,1.0,0.1,0.1,0.1,-0.948184729171055,True
0.1,1.0,0.1,0.01,0.1,5.0,-0.0054444176885277695,False
9.99,0.5,9.99,9.99,0.5,0.1,0.2275796684904738,True
1.0,0.5,0.1,2.0,0.5,2.5,0.048074012018299944,True
0.1,0.1,0.1,3.0,1.0,7.5,0.020991178240961562,True
0.1,0.5,0.1,0.1,0.5,0.01,-2.3249190733010683,True
0.01,0.01,0.01,1.0,0.01,0.01,-0.14358140447816614,True
1.0,1.0,1.0,2.0,1.0,9.99,0.05446470998963797,True
1.0,0.1,1.0,1.0,0.1,0.1,-0.06528684901454199,True
0.1,1.0,1.0,0.01,1.0,9.99,0.12027328289477196,False
0.01,0.5,1.0,0.01,1.0,0.01,-3.1497254583593404,True
9.99,1.0,0.1,0.1,0.1,0.1,0.8727652618144891,True
0.1,0.5,1.0,3.0,0.5,1.0,0.010582087663812571,True
1.0,0.5,1.0,5.0,0.1,1.0,0.005631006473990563,True
1.0,0.1,0.1,5.0,0.5,7.5,0.0037951848457564163,True
0.1,0.1,0.1,3.0,0.1,7.5,-0.011646443644667312,True
0.01,1.0,1.0,0.01,0.01,1.0,0.8705269732690482,True
0.1,1.0,0.1,0.01,1.0,5.0,0.11554651568379189,False
0.01,0.1,0.1,0.0,0.0,0.1,-1.32383871501863,False
1.0,0.1,1.0,0.1,1.0,0.1,-1.775460164678307,True
1.0,1.0,0.1,2.0,1.0,5.0,0.07403524165926942,True
1.0,0.5,1.0,5.0,1.0,1.0,0.008380704587587308,True
9.99,1.0,0.1,0.1,1.0,0.1,-0.03541914367294158,True
0.01,0.5,9.99,9.99,1.0,9.99,0.11500538660479714,True
0.1,1.0,1.0,0.01,0.1,9.99,0.3222921785823334,False
0.01,0.5,0.01,9.99,0.5,0.01,0.1894815010178161,True
1.0,0.5,0.0,0.0,0.0,0.0,-0.3627911215233246,True
0.1,0.1,0.1,1.0,0.5,5.0,0.01887996068344759,True
1.0,0.1,1.0,1.0,1.0,0.1,0.14246230395278936,True
1.0,1.0,1.0,2.0,0.1,9.99,-0.002045245330605955,True
0.01,0.1,0.0,0.0,0.1,0.01,-4.33494045092486,True
0.1,0.1,1.0,2.0,0.1,2.5,0.03802072937454015,True
0.1,0.5,1.0,5.0,1.0,7.5,0.0056545304011342,True
1.0,0.5,0.1,1.0,0.1,9.99,-0.0005274432867291585,True
0.1,0.5,0.1,0.1,0.5,0.1,-1.6486588261155393,True
9.99,0.5,0.01,9.99,1.0,9.99,0.11924760892019956,True
0.01,0.01,0.01,1.0,0.01,0.1,-0.11359674393358626,True
9.99,0.5,9.99,9.99,0.5,0.01,0.2137312283748145,True
1.0,0.1,1.0,0.01,0.1,2.5,0.24757738561964204,False
1.0,1.0,9.99,9.99,0.5,9.99,0.0842711018814914,True
1.0,0.1,1.0,1.0,0.1,0.01,-0.09485300500121446,True
1.0,0.1,0.1,3.0,0.1,1.0,0.009349340827477768,True
0.1,0.1,0.1,5.0,0.5,1.0,0.0031428140232115376,True
1.0,1.0,9.99,1.0,1.0,1.0,0.14303200890352588,True
0.1,0.5,0.1,1.0,0.5,0.1,-0.008445621462729203,True
1.0,0.5,1.0,1.0,1.0,5.0,0.08092309602040182,True
0.1,1.0,9.99,9.99,0.1,0.1,0.046776673353164266,True
1.0,0.1,1.0,3.0,0.5,0.01,0.20734424343332503,True
0.1,0.1,1.0,5.0,0.1,0.01,-0.0012714155345976254,True
9.99,1.0,9.99,0.01,0.1,0.01,0.10493483192476122,True
1.0,1.0,1.0,3.0,1.0,2.5,0.011469742045107895,True
9.99,1.0,1.0,9.99,1.0,9.99,0.13126383185746138,True
1.0,0.1,0.1,1.0,0.5,1.0,0.06498125740009764,True
0.1,0.5,1.0,5.0,1.0,5.0,0.016425086953186563,True
0.01,0.1,0.0,0.0,0.0,0.01,-4.2130218081727895,True
0.1,1.0,0.1,2.0,1.0,1.0,0.1891796042491045,True
1.0,0.5,1.0,1.0,1.0,7.5,0.03638129453158851,True
0.01,1.0,0.01,0.01,1.0,0.1,-2.51933811005431,True
0.0,0.1,0.01,0.01,0.1,0.0,-3.5300450371004324,True
0.1,0.5,0.1,5.0,0.1,9.99,0.029936296337642943,True
9.99,1.0,1.0,1.0,0.5,1.0,0.0706617926431562,True
1.0,0.5,0.1,3.0,0.5,9.99,-0.005970220404048659,True
0.1,0.5,1.0,1.0,1.0,1.0,0.11642092790423558,True
1.0,1.0,0.1,2.0,1.0,7.5,0.05215686885535541,True
0.01,0.1,0.1,0.0,0.1,0.1,-1.2735200066517138,False
0.1,0.5,0.1,3.0,1.0,0.01,0.49546343603905885,True
0.5,1.0,0.1,1.0,1.0,0.1,0.14058546947695405,True
0.1,0.1,0.1,3.0,0.1,5.0,0.011579805678332084,True
1.0,0.1,0.1,5.0,0.5,5.0,-0.004224390026189073,True
0.1,1.0,0.1,0.01,1.0,7.5,0.07994699327475452,False
0.1,0.1,0.1,1.0,0.5,7.5,0.03043257649212277,True
0.1,0.5,1.0,0.1,1.0,1.0,-0.09460737339387305,True
0.0,0.0,0.01,0.01,0.1,0.01,-3.1525045421477147,True
0.01,0.01,1.0,1.0,1.0,1.0,0.1348044560634238,True
0.5,1.0,0.1,0.1,1.0,0.1,-0.8206453374218808,True
0.01,1.0,0.01,0.01,0.1,0.01,-3.513278447080512,True
0.1,0.1,1.0,3.0,1.0,9.99,0.022907170175022862,True
0.1,1.0,0.1,0.01,0.1,7.5,0.11807635684628615,False
0.1,0.1,0.1,3.0,1.0,5.0,0.009076475124355415,True
9.99,1.0,9.99,0.0,0.0,9.99,-0.7302118028294826,True
0.1,0.5,0.1,3.0,0.1,0.01,0.04725912862049364,True
1.0,1.0,0.1,2.0,0.1,7.5,0.011995744451193752,True
1.0,0.5,0.1,5.0,0.5,0.01,0.019612970259636486,True
1.0,0.1,1.0,5.0,0.5,9.99,0.024205267718790474,True
0.1,0.1,1.0,3.0,0.1,9.99,0.03169204152192777,True
0.01,1.0,0.01,0.01,1.0,0.01,-3.4261665510387442,True
0.01,1.0,9.99,0.01,0.5,9.99,-0.06711138629762908,False
0.0,0.0,0.01,0.01,1.0,0.01,-3.0975575551093977,True
1.0,0.5,1.0,3.0,0.5,5.0,0.016974881384553185,True
0.1,0.5,1.0,5.0,0.1,5.0,0.02018076517780723,True
0.01,1.0,0.1,0.5,1.0,0.1,-0.4548872156357855,True
9.99,1.0,1.0,9.99,0.1,9.99,0.017807115166183385,True
0.1,1.0,1.0,5.0,0.5,2.5,-0.003876003537205741,True
0.1,0.5,0.0,0.1,0.5,0.1,-1.677067863081135,True
9.99,1.0,9.99,0.01,1.0,0.01,-0.2614566753311988,True
1.0,1.0,1.0,3.0,0.1,2.5,0.0018572424270358878,True
0.1,0.1,1.0,5.0,1.0,0.01,0.018797509484797553,True
9.99,1.0,0.01,0.01,0.5,9.99,0.8973778391807006,False
1.0,0.5,0.01,0.01,0.5,0.01,-0.3831750191920063,True
0.1,0.5,0.1,5.0,1.0,9.99,0.019476744760297218,True
9.99,0.5,0.0,9.99,0.5,0.0,0.19248365702753983,True
1.0,1.0,1.0,1.0,0.5,0.0,-0.010871938025615313,True
0.01,1.0,0.01,0.01,0.1,0.1,-2.163835367160883,True
1.0,0.5,1.0,1.0,0.1,7.5,0.06220403231206706,True
0.1,1.0,0.1,2.0,0.1,1.0,0.032666328591168206,True
0.1,1.0,0.01,0.1,0.5,0.1,-1.5285165060974535,True
1.0,0.1,1.0,1.0,0.5,1.0,0.055526167950568625,True
9.99,1.0,0.1,9.99,1.0,9.99,0.11971996431553183,True
1.0,1.0,0.1,3.0,1.0,2.5,0.009014686504463798,True
0.1,0.1,0.1,5.0,0.1,0.01,-0.0015749946039321575,True
1.0,0.1,0.1,3.0,0.5,0.01,0.19142230754093023,True
0.1,0.1,0.01,0.01,1.0,0.1,-2.3375586579374854,True
0.1,0.5,0.1,5.0,1.0,5.0,0.00765832776873665,True
1.0,0.5,0.1,1.0,1.0,7.5,0.008396870873837576,True
0.1,1.0,1.0,2.0,1.0,1.0,0.20634018826480155,True
1.0,1.0,1.0,0.01,1.0,1.0,0.628108942415125,True
1.0,0.5,1.0,3.0,0.5,9.99,-0.008508854803372518,True
0.1,0.5,1.0,5.0,0.1,9.99,-0.01770734643663474,True
1.0,0.1,1.0,9.99,1.0,9.99,0.11908816375802685,True
0.1,0.1,0.01,0.01,0.1,0.01,-2.9022871557448373,True
0.1,0.5,1.0,3.0,1.0,0.01,0.4686714484955262,True
1.0,1.0,1.0,2.0,1.0,7.5,0.06338212949995325,True
0.0,0.0,9.99,9.99,0.5,0.0,0.18652479204693495,True
0.01,0.5,1.0,0.01,0.5,1.0,0.15973177662606552,False
0.1,0.5,0.1,1.0,1.0,1.0,0.1269973277210982,True
1.0,0.01,1.0,0.0,0.0,1.0,1.1238631097127785,True
0.1,1.0,9.99,0.1,0.1,9.99,-0.008108917006044616,False
0.1,1.0,1.0,0.01,1.0,7.5,-0.41279359504789825,False
1.0,0.1,1.0,5.0,0.5,5.0,0.019928963695846513,True
0.1,0.1,1.0,3.0,0.1,5.0,-0.002431221899836772,True
0.1,0.1,1.0,1.0,0.5,7.5,0.01855689519345052,True
0.1,0.5,0.1,0.1,1.0,1.0,-0.07862543927606538,True
0.1,0.5,0.1,9.99,0.5,9.99,0.0731827609186807,True
0.1,0.1,0.1,3.0,1.0,9.99,0.02849716373327492,True
0.01,0.5,0.0,0.01,1.0,0.01,-3.6262435380233202,True
0.1,0.1,1.0,3.0,1.0,5.0,0.011799445297911937,True
0.1,1.0,0.01,0.1,0.5,0.01,-2.3035148062009263,True
0.1,1.0,1.0,0.01,0.1,7.5,-0.019126661738287254,False
0.1,1.0,9.99,0.1,1.0,9.99,-0.03545587829283897,False
1.0,0.5,1.0,5.0,0.5,0.01,0.005836339725954522,True
1.0,1.0,1.0,2.0,0.1,7.5,0.0017249463753755967,True
0.1,0.5,1.0,3.0,0.1,0.01,0.04191367739241019,True
0.1,0.1,0.01,0.01,1.0,0.01,-3.2334760436909873,True
0.1,0.1,0.1,3.0,0.1,9.99,0.008076297721649993,True
1.0,0.1,0.1,5.0,0.5,9.99,-0.0018598765037068643,True
0.1,1.0,0.0,0.0,0.0,0.1,-1.7735136241207883,True
1.0,0.5,1.0,0.0,0.0,0.0,-0.007338629321603979,True
0.1,0.5,0.1,5.0,0.1,5.0,-0.00042745322900261673,True
1.0,0.5,0.1,3.0,0.5,5.0,-0.026687038382406873,True
0.1,0.1,0.01,0.01,0.1,0.1,-1.684237945595287,True
0.1,0.1,0.1,5.0,1.0,0.01,0.009899449943658711,True
1.0,1.0,0.1,3.0,0.1,2.5,0.01783059836848505,True
0.1,1.0,0.1,5.0,0.5,2.5,0.010402357766120501,True
9.99,1.0,0.1,9.99,0.1,9.99,0.02878998129839031,True
9.99,0.5,9.99,1.0,0.5,9.99,0.03024585625920362,True
0.1,0.5,1.0,5.0,1.0,9.99,0.026677970729192313,True
1.0,0.01,0.01,1.0,1.0,0.01,0.00912644941512808,True
1.0,0.1,1.0,9.99,0.1,9.99,0.010280628047097527,True
1.0,1.0,1.0,0.01,0.1,1.0,1.0302162808638649,True
9.99,0.5,9.99,9.99,1.0,1.0,0.3432329694650419,True
9.99,0.5,9.99,0.1,0.5,9.99,0.05877019201903608,False
0.1,1.0,1.0,2.0,0.1,1.0,0.036821862266687974,True
1.0,0.5,0.1,1.0,0.1,7.5,0.011210856269957674,True
0.01,0.5,0.0,0.01,0.5,0.0,-3.418492942550791,True
0.1,0.1,0.1,0.0,0.0,0.1,-0.8283407289719464,True
0.01,1.0,0.01,1.0,1.0,1.0,0.10859308781701402,True
0.1,0.1,0.1,0.01,0.1,9.99,0.1268671437374548,False
0.1,0.5,1.0,1.0,0.1,2.5,0.021936662989852078,True
1.0,0.1,0.1,2.0,0.1,9.99,0.019534190998163017,True
1.0,1.0,0.1,1.0,1.0,0.1,0.17512955300627753,True
0.1,1.0,1.0,1.0,0.5,5.0,-0.01329413435508691,True
0.1,0.1,1.0,0.01,1.0,5.0,0.5584776296397862,False
1.0,1.0,1.0,5.0,0.5,7.5,-0.002704410597140272,True
1.0,0.5,1.0,2.0,0.1,0.01,0.04452263293930211,True
0.1,1.0,1.0,3.0,0.1,7.5,0.01512591392342278,True
9.99,0.5,0.0,0.0,0.0,0.0,0.014263522356695701,True
0.01,1.0,0.01,9.99,0.5,9.99,0.07334948282266301,True
1.0,0.1,1.0,2.0,1.0,5.0,0.027751246354696543,True
0.1,0.5,9.99,9.99,1.0,9.99,0.10950313129273441,True
1.0,1.0,0.1,0.1,1.0,0.1,-0.38617072390456575,True
0.01,1.0,9.99,9.99,1.0,0.01,0.4646890756701958,True
9.99,1.0,9.99,9.99,0.5,9.99,0.0697574786506816,True
1.0,1.0,1.0,3.0,0.1,1.0,0.032642603154821495,True
0.1,1.0,1.0,5.0,0.5,1.0,0.013388830679903964,True
9.99,1.0,0.01,9.99,1.0,0.01,0.6274607554461207,True
1.0,0.5,0.1,1.0,0.01,1.0,0.16731735370654222,True
1.0,0.5,0.1,0.01,0.5,5.0,0.11761737456084706,False
0.1,1.0,0.1,2.0,0.1,2.5,0.0005634413528470203,True
9.99,1.0,9.99,1.0,1.0,1.0,0.1251766939438262,True
0.1,0.5,0.1,2.0,0.5,5.0,0.005463108551377618,True
1.0,1.0,0.1,0.01,0.1,2.5,0.24766979147789492,True
9.99,0.1,0.0,9.99,0.1,9.99,0.032292800623022276,True
1.0,0.5,0.01,1.0,0.5,1.0,0.06742040930067103,True
0.15,0.1,0.15,0.0,0.1,0.15,0.05264661571817908,True
0.1,0.5,1.0,2.0,0.5,9.99,0.00032455355618542236,True
9.99,1.0,0.01,9.99,0.1,0.01,0.03601952596381558,True
1.0,0.1,0.1,1.0,0.5,2.5,0.03395979575204772,True
1.0,1.0,1.0,3.0,1.0,1.0,0.23051404252514968,True
1.0,0.5,1.0,0.01,0.5,9.99,0.104443993475273,False
9.99,0.1,0.0,9.99,1.0,9.99,0.13152508834986104,True
1.0,1.0,0.1,0.01,1.0,2.5,0.08373179352867677,False
9.99,1.0,9.99,1.0,0.1,1.0,0.035615170144066205,True
9.99,0.5,0.1,0.1,1.0,9.99,-0.02223469157281259,False
0.1,1.0,0.1,2.0,1.0,2.5,0.11089351047639286,True
0.1,0.1,0.1,2.0,0.5,0.01,-0.02246569168368176,True
2.0,0.1,1.0,0.0,0.1,1.0,1.0975687655114204,True
1.0,1.0,0.1,1.0,0.1,0.1,0.26275786261302614,True
0.1,1.0,0.1,0.1,0.5,9.99,0.1349027932193655,False
1.0,0.1,0.1,2.0,1.0,9.99,0.07437795290063695,True
0.01,0.5,0.1,0.1,0.5,0.01,-2.5876492955097765,True
0.01,0.01,1.0,0.01,1.0,0.01,-3.187579622952008,True
0.1,0.5,1.0,1.0,1.0,2.5,0.04739632982523964,True
0.01,1.0,0.01,1.0,0.1,1.0,0.01543646901930261,True
0.1,0.1,0.1,0.01,1.0,9.99,1.0607765115852519,False
0.1,0.1,0.0,0.0,0.1,0.1,-1.527175360325121,True
0.01,1.0,9.99,9.99,0.1,0.01,0.045984190970145944,True
0.1,1.0,0.1,1.0,0.5,9.99,-0.023007198687253674,True
1.0,1.0,0.1,0.1,0.1,0.1,0.7314226551432494,True
1.0,0.1,1.0,2.0,0.1,5.0,-0.029811475965978315,True
1.0,0.5,0.0,0.0,0.0,1.0,1.1959861345163791,True
0.1,1.0,1.0,3.0,1.0,7.5,-0.01500411809779896,True
1.0,0.5,1.0,2.0,1.0,0.01,0.4354617763542892,True
0.1,0.1,1.0,0.01,0.1,5.0,-0.13070656270181513,False
0.1,0.1,1.0,0.01,0.1,9.99,0.037625468208481894,False
9.99,0.1,0.1,0.1,1.0,0.1,-1.6313691657973908,True
0.1,0.5,0.1,1.0,0.1,2.5,-0.010845754028369473,True
1.0,0.1,1.0,2.0,0.1,9.99,0.06394934220094989,True
0.1,1.0,0.1,1.0,0.5,5.0,0.07389358221838711,True
1.0,1.0,1.0,1.0,1.0,0.1,0.17125310764480758,True
0.1,1.0,0.1,3.0,0.1,7.5,-0.016440032356604864,True
1.0,0.5,0.1,2.0,0.1,0.01,0.03548058366932383,True
1.0,1.0,0.1,5.0,0.5,7.5,0.008310598690587478,True
0.1,0.1,0.1,0.01,1.0,5.0,-0.018902003620036648,False
0.1,0.5,0.0,0.1,1.0,0.0,-2.779660102286649,True
1.0,0.1,0.1,2.0,1.0,5.0,0.013499448434411782,True
1.0,1.0,1.0,0.1,1.0,0.1,-0.7895730363706644,True
1.0,0.1,9.99,1.0,1.0,1.0,0.0990815889787327,True
1.0,0.01,0.01,0.01,1.0,1.0,-0.30800522189970186,False
1.0,1.0,1.0,1.0,0.1,0.01,0.1155554832214715,True
0.1,1.0,0.1,5.0,0.5,1.0,0.011992986130023864,True
1.0,1.0,0.1,3.0,0.1,1.0,0.037760141941944214,True
0.1,0.1,9.99,9.99,0.1,0.1,0.059432887892027664,True
0.1,1.0,1.0,2.0,0.1,2.5,0.017752810391641803,True
1.0,0.5,1.0,0.01,0.5,5.0,-0.0034775211389770355,False
1.0,0.5,1.0,1.0,0.01,1.0,0.09974343664238827,True
0.1,0.5,0.1,0.01,1.0,0.1,-1.6861899811682386,True
1.0,1.0,1.0,0.01,0.1,2.5,0.2610782266697953,False
0.1,0.5,1.0,2.0,0.5,5.0,0.000891302497496263,True
0.5,1.0,1.0,0.01,1.0,1.0,0.542054728675666,False
0.1,0.1,9.99,9.99,1.0,0.1,0.43579751130490185,True
0.1,0.5,0.1,2.0,0.5,9.99,-0.004076866556240087,True
0.001,0.1,1.0,0.0,0.1,1.0,1.6413128880406642,False
1.0,1.0,0.1,3.0,1.0,1.0,0.22232120876878805,True
1.0,0.1,1.0,1.0,0.5,2.5,0.0474505750001622,True
9.99,0.5,1.0,1.0,1.0,9.99,0.02197253039834986,True
1.0,1.0,1.0,1.0,1.0,0.01,0.1802467775552864,True
1.0,0.5,0.1,0.01,0.5,9.99,0.018330198209289314,False
1.0,0.1,9.99,1.0,0.1,1.0,0.010379919212930327,True
1.0,1.0,0.0,1.0,0.5,1.0,0.06448638163471344,True
9.99,0.5,1.0,9.99,0.5,1.0,0.17224289476285176,True
1.0,1.0,1.0,0.01,1.0,2.5,0.2152740980968405,False
0.1,0.1,1.0,2.0,0.5,0.01,-0.03477181080056396,True
0.1,1.0,1.0,2.0,1.0,2.5,0.11543585941638823,True
1.0,1.0,1.0,1.0,0.1,0.1,0.10224862298084969,True
1.0,0.1,1.0,2.0,1.0,9.99,0.03162311429452832,True
0.0,0.0,0.01,0.01,0.5,0.0,-3.472771398459907,True
0.1,0.5,0.1,1.0,1.0,2.5,0.0701942130598476,True
9.99,0.1,0.1,0.1,0.1,0.1,-0.43629300011653427,True
0.01,1.0,0.01,0.01,0.5,0.0,-3.4754732093414282,True
0.1,0.1,1.0,0.01,1.0,9.99,0.14573281165491683,False
1.0,1.0,1.0,0.1,0.1,0.1,0.5678109410276915,True
0.1,1.0,1.0,1.0,0.5,9.99,-0.025516441862985295,True
1.0,0.1,0.1,2.0,0.1,5.0,-0.01177886709958718,True
0.1,0.5,0.1,0.01,1.0,0.01,-2.6740547170389988,True
0.01,0.5,1.0,1.0,0.5,0.01,-0.025683457024971212,True
9.99,0.1,9.99,0.0,0.1,9.99,-1.8996132436064757,False
0.1,0.1,0.1,0.01,0.1,5.0,0.05284629708582192,False
1.0,0.5,0.1,2.0,1.0,0.01,0.43579611245641303,True
0.1,1.0,0.1,3.0,1.0,7.5,0.025624448503186292,True
0.1,1.0,1.0,3.0,0.1,9.99,0.023670615605289796,True
1.0,1.0,1.0,5.0,0.5,9.99,0.006759391928272379,True
0.01,0.1,0.01,0.01,1.0,0.01,-3.0595952581952957,True
0.01,1.0,0.01,0.1,0.5,0.01,-2.5909412077895815,True
9.99,0.5,0.1,9.99,1.0,0.1,0.44655050502608756,True
0.0,1.0,1.0,0.0,1.0,1.0,-1.2706357617679531,False
0.1,0.5,0.1,0.1,1.0,0.0,-2.654101065784201,True
0.1,0.1,0.1,0.01,0.1,7.5,-0.4207326752410233,False
0.1,1.0,0.1,3.0,1.0,5.0,0.004917676539546952,True
9.99,0.1,9.99,0.0,0.0,9.99,-0.7232516946017018,True
0.01,1.0,0.01,1.0,0.5,0.01,-0.08527214452183318,True
1.0,0.1,0.1,2.0,0.1,7.5,-0.029797524526816083,True
1.0,0.5,0.1,5.0,1.0,2.5,0.023294138475955482,True
1.0,0.5,9.99,1.0,0.5,9.99,0.019091654569617728,True
1.0,0.5,0.01,1.0,1.0,0.01,0.05991007747492583,True
0.1,0.1,0.1,2.0,0.1,1.0,0.025341619620128198,True
0.01,0.1,0.01,0.01,0.1,0.1,-2.284219862170426,True
1.0,0.01,1.0,0.01,0.01,0.01,-0.33198963632068995,True
0.1,1.0,0.1,9.99,0.5,0.1,0.19522632537250947,True
1.0,0.5,9.99,9.99,1.0,1.0,0.36031288600638406,True
1.0,0.1,1.0,3.0,0.1,2.5,-0.004169885274928962,True
9.99,0.1,9.99,0.01,1.0,0.01,-2.0054077113883406,True
9.99,0.1,1.0,9.99,0.1,9.99,0.020658913719244235,True
0.1,0.1,1.0,5.0,0.5,2.5,0.019978748592061613,True
0.1,1.0,1.0,5.0,1.0,0.01,0.018578821998800954,True
0.01,0.1,0.01,0.01,1.0,0.1,-2.345651585570129,True
1.0,1.0,0.1,0.1,0.5,1.0,0.34980108337570975,True
0.1,0.1,0.1,2.0,1.0,1.0,0.20001256775060094,True
0.01,1.0,0.01,0.1,0.5,0.1,-1.858571383435711,True
0.1,0.5,9.99,0.1,1.0,0.1,-1.9119234548922308,True
0.1,0.5,1.0,2.0,0.5,7.5,7.567907559970222e-05,True
0.1,1.0,1.0,5.0,0.1,0.01,0.002011658470873992,True
1.0,1.0,1.0,3.0,0.5,0.01,0.21430114701075925,True
9.99,0.1,1.0,9.99,1.0,9.99,0.11489782427044454,True
9.99,0.5,9.99,9.99,1.0,0.0,0.6064061828453875,True
1.0,1.0,0.1,1.0,0.5,1.0,0.052208478588443734,True
1.0,0.1,1.0,3.0,1.0,2.5,0.013820667597790354,True
9.99,0.1,9.99,0.01,0.1,0.01,-0.35344084726383745,True
1.0,0.5,1.0,0.01,0.5,7.5,0.05569913119808517,False
0.01,1.0,0.0,0.0,0.0,0.01,-4.067648238764969,True
1.0,1.0,0.01,1.0,0.01,1.0,0.24888452600567668,True
0.1,1.0,0.1,1.0,0.5,7.5,0.0017763297074290772,True
1.0,0.5,1.0,2.0,0.5,1.0,0.10526513258073573,True
0.01,0.1,0.01,0.01,0.1,0.01,-3.043780399248989,True
0.1,1.0,1.0,3.0,1.0,9.99,0.026766464851822463,True
0.1,0.5,0.1,3.0,0.5,2.5,-0.008672672686976607,True
1.0,0.5,0.1,5.0,0.1,2.5,0.006900029556036746,True
1.0,0.1,0.1,2.0,1.0,7.5,0.012527584339310227,True
9.99,1.0,9.99,0.1,0.5,0.1,-0.3137509623857135,True
1.0,1.0,0.1,5.0,0.5,5.0,0.0033866352217869905,True
0.1,1.0,0.1,3.0,0.1,5.0,-0.010494206245133234,True
0.1,0.1,0.1,0.01,1.0,7.5,0.13518661784621572,False
1.0,0.5,1.0,0.0,0.0,1.0,1.112941794596134,True
0.0,0.0,0.0,9.99,1.0,0.0,0.7250017491989336,True
0.1,0.1,0.0,0.0,0.0,0.1,-1.5436325456010744,True
1.0,1.0,0.1,5.0,0.5,9.99,0.011768547223899153,True
0.1,1.0,0.1,3.0,0.1,9.99,0.02599887056375985,True
0.0,0.1,1.0,0.0,0.1,0.0,-1.2706357617679531,False
0.1,0.1,9.99,0.1,1.0,9.99,-0.08244588272092132,False
0.01,1.0,1.0,1.0,0.01,0.01,-0.12367323032453367,True
0.1,1.0,1.0,3.0,1.0,5.0,0.02017100311268817,True
0.1,0.1,1.0,0.01,0.1,7.5,0.2796618576984449,False
0.01,0.5,9.99,0.01,0.5,0.01,-3.1186586272934806,True
0.1,1.0,0.01,0.01,1.0,0.01,-3.2441292920585054,True
0.01,0.5,0.01,0.01,1.0,9.99,-0.03480217016262466,False
1.0,0.5,1.0,5.0,1.0,2.5,0.004486693367771077,True
1.0,0.1,1.0,2.0,0.1,7.5,-0.04508232099256308,True
1.0,0.1,1.0,0.01,0.1,1.0,0.6683963963657071,True
9.99,0.5,0.01,0.01,0.5,0.01,-0.03665326350777612,True
1.0,1.0,1.0,9.99,0.1,9.99,0.01896571429833894,True
9.99,0.5,9.99,0.01,1.0,9.99,0.307038264445943,False
0.1,0.1,1.0,2.0,0.1,1.0,0.03211998618585318,True
0.1,1.0,0.1,0.5,1.0,0.1,-0.4278530685069041,True
0.1,1.0,0.01,0.01,0.1,0.1,-1.5852162995364545,True
0.01,0.5,0.01,0.0,0.0,0.01,-3.5755927902747455,True
0.1,1.0,0.1,5.0,1.0,0.01,0.01366538590069305,True
0.1,0.1,0.1,5.0,0.5,2.5,0.00025188239341273396,True
9.99,0.1,0.1,9.99,0.1,9.99,0.00045295236516636086,True
1.0,0.1,0.1,3.0,0.1,2.5,0.018016845345768764,True
1.0,1.0,1.0,0.1,0.5,1.0,0.19423960143329155,True
0.1,0.1,1.0,2.0,1.0,1.0,0.18679240946871878,True
1.0,1.0,1.0,9.99,1.0,9.99,0.1364145342598333,True
1.0,0.1,1.0,0.01,1.0,1.0,0.006385898824396635,False
1.0,0.1,0.1,3.0,1.0,2.5,0.011866451128496325,True
1.0,1.0,1.0,1.0,0.5,1.0,0.058201795403219625,True
9.99,0.1,0.1,9.99,1.0,9.99,0.12183746441725833,True
1.0,1.0,0.1,3.0,0.5,0.01,0.19416730111840605,True
0.1,1.0,0.1,5.0,0.1,0.01,0.009877019166678935,True
0.1,0.5,0.1,2.0,0.5,7.5,0.026750838885152547,True
1.0,0.5,0.1,0.01,0.5,7.5,-0.470042101196328,False
0.1,1.0,0.01,0.01,1.0,0.1,-1.8461816306910097,True
1.0,0.5,0.1,2.0,0.5,1.0,0.10456126353819921,True
0.1,1.0,1.0,1.0,0.5,7.5,-0.030661165453586076,True
0.1,1.0,0.1,3.0,1.0,9.99,0.017711444865453813,True
0.01,0.5,1.0,1.0,1.0,1.0,0.11852668844910855,True
0.1,0.1,0.1,0.0,0.1,0.1,-0.8063467929300208,True
0.0,0.0,0.0,9.99,0.1,0.0,0.03502556065941603,True
1.0,0.1,1.0,2.0,1.0,7.5,0.01498280573040632,True
1.0,0.5,1.0,5.0,0.1,2.5,0.0031634935892336166,True
0.1,0.5,1.0,3.0,0.5,2.5,-0.01209991796893488,True
0.1,1.0,0.01,0.01,0.1,0.01,-3.14851071901179,True
0.1,0.1,1.0,0.01,1.0,7.5,0.18851219772302166,False
0.1,1.0,1.0,3.0,0.1,5.0,0.022325212064780636,True
1.0,1.0,1.0,5.0,0.5,5.0,0.0185165367066977,True
0.01,0.01,0.01,0.01,0.01,1.0,-0.20490610890505515,False
0.1,0.1,9.99,0.1,0.1,9.99,0.15476759457793843,False
0.1,0.1,0.1,9.99,0.1,9.99,0.02243992775307871,True
1.0,0.5,0.1,5.0,1.0,9.99,0.02198682629047574,True
1.0,1.0,0.1,2.0,0.1,1.0,0.022014971945914785,True
0.1,0.5,1.0,1.0,0.1,7.5,0.0017559353588109394,True
1.0,0.5,1.0,5.0,0.1,5.0,0.008238069521479867,True
0.1,0.5,1.0,3.0,0.5,5.0,0.005912596237785294,True
0.1,0.5,0.01,0.01,0.5,0.01,-2.9575305249301858,True
0.01,1.0,9.99,0.01,1.0,0.01,-3.072766222742666,True
1.0,0.1,1.0,5.0,1.0,0.01,0.01836854896789515,True
0.1,1.0,1.0,3.0,0.1,2.5,0.0037962306801279724,True
0.01,0.1,1.0,0.01,0.1,1.0,0.009565896519004635,False
1.0,1.0,1.0,5.0,0.5,2.5,0.013824242705214929,True
0.01,1.0,0.01,0.01,0.5,9.99,0.060991848722669384,False
9.99,1.0,0.01,0.01,1.0,0.01,0.04265498193278583,True
9.99,1.0,9.99,0.01,0.5,9.99,0.2582649744413314,False
1.0,0.1,1.0,3.0,0.1,9.99,0.008886762722282587,True
0.0,0.0,0.0,0.1,1.0,0.1,-1.9411714240005995,True
0.1,0.1,1.0,5.0,0.5,9.99,-0.008933378296290817,True
1.0,1.0,1.0,1.0,0.01,0.01,0.731053281693797,True
9.99,0.1,9.99,0.1,1.0,9.99,0.00929267352909996,False
0.1,0.5,0.1,0.0,0.0,0.0,-2.3965539764390655,True
1.0,0.1,0.1,3.0,1.0,5.0,0.011062595415347737,True
1.0,1.0,0.1,0.01,0.1,7.5,0.19229321499124885,False
9.99,0.1,9.99,1.0,1.0,9.99,0.019136558065219675,True
1.0,0.5,1.0,1.0,0.1,1.0,0.012949582436739465,True
0.0,0.1,0.0,1.0,0.1,0.0,-0.14925676515989061,True
0.1,1.0,0.1,2.0,0.1,7.5,0.008280044306941708,True
0.1,0.5,0.1,5.0,0.5,0.01,0.009618527510172337,True
1.0,0.5,0.1,3.0,0.1,0.01,0.045022231517442196,True
1.0,0.01,0.01,0.01,0.01,1.0,0.8589119961676736,True
1.0,0.5,1.0,0.1,1.0,1.0,-0.06135780892090545,True
9.99,0.1,9.99,0.1,0.1,9.99,-0.01588334458664399,False
1.0,0.1,0.1,1.0,0.5,7.5,0.0007775542437750346,True
0.0,0.0,0.0,0.1,0.1,0.1,-1.8372341247483623,True
1.0,0.5,1.0,9.99,0.5,9.99,0.08891482890730487,True
1.0,0.1,1.0,3.0,1.0,9.99,0.022365510757435716,True
9.99,1.0,0.01,0.01,0.1,0.01,0.15410162193490895,True
1.0,0.5,0.1,3.0,1.0,0.01,0.47803923705573304,True
0.1,1.0,0.1,2.0,1.0,7.5,-0.00584358935706209,True
1.0,0.5,1.0,1.0,1.0,1.0,0.09831113965605665,True
9.99,0.1,9.99,1.0,0.1,9.99,0.0033742877780967018,True
1.0,1.0,0.1,0.01,1.0,7.5,-0.294463606363606,False
0.1,0.1,0.1,5.0,0.5,5.0,0.009604091027454548,True
1.0,0.1,0.1,3.0,0.1,5.0,0.01668469140155955,True
0.1,0.5,0.01,0.01,0.5,0.1,-1.8303958538477947,True
0.1,0.5,1.0,1.0,1.0,7.5,0.05188474207173079,True
1.0,1.0,0.1,2.0,1.0,1.0,0.1995111701161279,True
0.1,0.5,0.1,3.0,0.5,9.99,0.014400976622470339,True
0.0,0.0,1.0,1.0,0.5,1.0,0.050829952599121486,True
0.1,0.1,0.1,9.99,1.0,9.99,0.1433128993196117,True
1.0,0.5,0.1,5.0,0.1,9.99,0.005419798493939532,True
0.01,1.0,1.0,1.0,0.5,1.0,0.07097179966810133,True
1.0,1.0,1.0,1.0,0.01,0.1,0.6605309936386293,True
0.1,1.0,1.0,3.0,1.0,2.5,0.01690921555330316,True
0.01,0.1,1.0,0.01,1.0,1.0,-0.1924661568584347,False
1.0,0.1,1.0,5.0,0.1,0.01,0.007308797860429754,True
0.1,0.1,1.0,3.0,0.5,0.01,0.2109200720448564,True
0.01,1.0,9.99,0.01,0.1,0.01,-2.828960684705254,True
1.0,0.5,1.0,5.0,1.0,5.0,0.011155852549831473,True
1.0,0.5,1.0,5.0,1.0,9.99,0.01444142027659906,True
0.1,0.5,0.1,1.0,0.1,7.5,-0.0058257323136074665,True
0.01,0.01,1.0,0.01,0.01,0.01,-2.906570163659189,True
1.0,1.0,1.0,2.0,0.1,1.0,0.02311045777444189,True
0.01,0.5,0.01,0.1,1.0,0.01,-2.8129861543150216,True
9.99,1.0,0.1,9.99,0.5,0.1,0.20521946436448685,True
0.1,1.0,0.1,0.1,0.5,0.0,-2.219288872387347,True
0.1,0.5,0.1,3.0,0.5,5.0,-0.000784098274559053,True
1.0,0.5,0.1,5.0,0.1,5.0,0.009666051118648239,True
0.01,0.5,0.01,1.0,1.0,0.01,0.04396527259330629,True
1.0,1.0,0.1,5.0,0.5,2.5,-0.007613018636961429,True
0.1,1.0,0.1,3.0,0.1,2.5,0.0005231925213521338,True
1.0,0.1,0.1,5.0,1.0,0.01,0.01142109166814495,True
1.0,1.0,9.99,1.0,1.0,9.99,0.07956280113535444,True
9.99,0.1,0.0,9.99,1.0,0.0,0.7347696123305947,True
0.1,0.1,0.1,5.0,0.5,9.99,0.013095416988451958,True
1.0,0.1,0.1,3.0,0.1,9.99,-0.006693637909611555,True
1.0,1.0,0.01,1.0,0.5,0.01,0.08098752373954776,True
0.1,0.5,0.1,9.99,1.0,0.1,0.44616908376053177,True
1.0,1.0,1.0,0.01,0.1,7.5,-0.005947582147083907,False
1.0,0.1,1.0,3.0,1.0,5.0,0.005148188333287382,True
1.0,1.0,9.99,9.99,0.5,1.0,0.16855679921524552,True
1.0,0.1,0.01,0.01,1.0,0.01,-1.5230750911836797,True
1.0,0.5,1.0,3.0,0.1,0.01,0.04783565375818399,True
0.1,0.5,1.0,5.0,0.5,0.01,0.022667136536733745,True
0.1,1.0,1.0,2.0,0.1,7.5,-0.01698206321450185,True
0.1,0.1,0.0,0.1,1.0,0.1,-1.9333336224252529,True
1.0,0.5,0.1,1.0,0.1,1.0,0.028340587524193328,True
1.0,0.5,0.1,0.1,1.0,1.0,0.0718780974126306,True
1.0,0.1,1.0,1.0,0.5,7.5,-0.012175222616219731,True
1.0,0.1,0.1,3.0,1.0,9.99,0.0333315861322343,True
0.1,1.0,9.99,0.1,0.5,0.1,-1.8217722736343416,True
1.0,1.0,9.99,1.0,0.1,9.99,-0.004869427751785116,True
9.99,0.1,0.0,9.99,0.1,0.0,0.02734767562679344,True
0.01,0.5,0.01,0.1,1.0,0.1,-1.975258826289262,True
1.0,0.5,0.1,1.0,1.0,1.0,0.13090910410124373,True
9.99,1.0,9.99,9.99,0.5,0.0,0.1878130355656066,True
0.1,0.1,0.0,0.1,0.1,0.1,-1.674592601141394,True
0.1,1.0,1.0,2.0,1.0,7.5,0.03559085971851046,True
1.0,0.5,1.0,3.0,1.0,0.01,0.47476472308853584,True
1.0,0.1,0.01,0.01,0.1,0.01,-0.3053192061114454,True
1.0,0.1,1.0,3.0,0.1,5.0,-0.003166324476991774,True
0.1,0.1,1.0,5.0,0.5,5.0,0.005121028816912211,True
1.0,1.0,1.0,0.01,1.0,7.5,-0.4716130127485908,False
0.01,1.0,0.01,1.0,0.01,1.0,0.0021115687707410225,True
1.0,1.0,1.0,2.0,1.0,1.0,0.18760137370934954,True
9.99,0.5,0.0,0.0,0.0,9.99,-0.7243948719771751,True
0.1,0.5,0.1,1.0,1.0,7.5,-0.04419752290125056,True
1.0,0.5,1.0,5.0,0.1,9.99,0.009831236351690368,True
0.1,0.5,1.0,3.0,0.5,9.99,0.015788366908655288,True
1.0,1.0,0.1,1.0,0.01,0.1,0.9190611862197036,True
0.1,1.0,1.0,0.01,1.0,1.0,0.20072593231911204,False
0.1,0.1,0.1,3.0,0.5,0.01,0.20115723489282794,True
1.0,0.1,0.1,5.0,0.1,0.01,0.008293449545465924,True
0.1,1.0,0.1,3.0,1.0,2.5,0.033878861204427596,True
9.99,0.5,9.99,0.1,1.0,0.1,-1.2502911913890422,True
1.0,0.5,0.1,5.0,1.0,5.0,-0.008612830370498745,True
0.01,0.1,0.01,9.99,1.0,0.01,0.6251886828483676,True
0.1,0.1,1.0,3.0,0.1,1.0,0.006938488406589227,True
1.0,0.1,1.0,5.0,0.5,1.0,0.0062084685896274805,True
1.0,0.5,1.0,1.0,0.5,0.1,0.029856703942615803,True
0.1,0.5,0.1,1.0,1.0,5.0,0.029257585876662003,True
0.1,1.0,0.0,0.1,0.5,0.0,-2.4816493262364774,True
9.99,0.1,9.99,9.99,0.1,0.1,0.053378617787196304,True
1.0,0.1,0.1,2.0,0.1,2.5,0.038551348763141674,True
1.0,0.5,0.1,5.0,1.0,7.5,0.004977040153032658,True
0.1,0.1,0.1,0.1,0.1,0.01,-2.2663185747538854,True
0.1,0.1,0.1,0.01,0.1,2.5,-0.18160712306427018,False
0.01,1.0,1.0,1.0,0.1,0.01,-0.11759484849999724,True
0.1,0.5,1.0,1.0,0.1,9.99,-0.024269002916116333,True
0.0,0.0,0.0,9.99,0.1,9.99,0.01881244328334286,True
1.0,0.5,1.0,0.1,0.5,0.1,-0.8887874889194396,True
0.01,0.01,0.01,0.01,1.0,1.0,-0.18749636401875555,False
1.0,1.0,0.1,0.01,0.1,9.99,-0.4600635626974716,False
0.1,0.5,0.1,5.0,1.0,1.0,0.017341302667974835,True
0.1,1.0,0.1,2.0,0.1,9.99,0.032323427012007855,True
1.0,0.1,1.0,1.0,0.5,5.0,0.02722982055796172,True
0.1,0.1,0.1,1.0,1.0,0.1,0.09155377550266913,True
0.1,0.1,1.0,5.0,0.5,7.5,0.0037855458510403783,True
0.1,1.0,0.1,0.01,0.5,0.1,-1.265951751081324,True
1.0,0.1,1.0,3.0,0.1,7.5,-0.04050642815327937,True
1.0,1.0,1.0,0.01,1.0,5.0,0.39924746276528034,False
9.99,0.1,9.99,9.99,1.0,0.01,0.46896083988507054,True
0.1,1.0,1.0,2.0,1.0,5.0,0.03819505299845767,True
0.1,0.1,0.1,0.1,1.0,0.1,-1.9327191609764092,True
0.0,0.1,1.0,1.0,0.1,0.0,-0.1442264728266769,True
9.99,1.0,1.0,9.99,0.1,1.0,0.039104540535239055,True
0.1,1.0,0.01,0.01,0.01,0.1,-1.5733743508201283,True
0.1,0.1,0.1,1.0,0.1,0.1,-0.08036817907556587,True
0.1,1.0,0.1,2.0,1.0,9.99,0.042952633899867476,True
1.0,0.5,1.0,1.0,0.5,0.01,0.0024962957546687536,True
1.0,0.5,0.1,3.0,0.5,1.0,0.11648695224773448,True
0.1,0.5,0.1,5.0,0.1,1.0,0.003126195399033471,True
9.99,1.0,1.0,1.0,0.5,9.99,-0.0048618968986901545,True
1.0,1.0,0.1,0.01,1.0,9.99,-0.004663988566195126,False
1.0,0.5,0.0,1.0,1.0,1.0,0.12580157426467914,True
9.99,1.0,1.0,9.99,1.0,1.0,0.34537883346895654,True
1.0,0.1,0.1,1.0,0.5,9.99,0.0718170868914743,True
0.1,0.1,0.1,0.1,0.1,0.1,-1.5950090581076624,True
9.99,0.1,9.99,9.99,0.1,0.01,0.043840028213796664,True
0.1,1.0,1.0,2.0,0.1,5.0,0.010095245334838854,True
1.0,0.5,1.0,0.01,0.5,2.5,-0.0317556431770073,False
1.0,1.0,1.0,0.01,0.1,5.0,-0.440639666547313,False
0.1,0.5,1.0,2.0,0.5,2.5,0.0603927501420132,True
1.0,0.1,1.0,3.0,1.0,7.5,0.010609690829934293,True
0.1,0.5,0.1,1.0,0.1,5.0,-0.016512946791033704,True
0.1,1.0,0.1,1.0,0.5,2.5,0.04984258856429465,True
0.1,0.1,1.0,3.0,1.0,1.0,0.02260880317298629,True
0.0,0.0,0.0,1.0,0.5,1.0,0.06542027180795523,True
0.01,0.5,0.01,0.01,1.0,0.0,-3.443873695355457,True
0.01,0.1,0.01,9.99,0.1,0.01,0.03562271640602074,True
0.0,0.0,0.0,9.99,1.0,9.99,0.1393501421267398,True
0.1,0.5,1.0,1.0,1.0,9.99,0.016763611064962127,True
0.1,1.0,0.1,0.01,0.5,0.01,-2.3982534772188195,True
0.01,1.0,1.0,1.0,1.0,0.01,0.11623004311819157,True
0.1,0.1,0.1,0.01,1.0,2.5,0.06170339926599955,False
0.1,0.1,0.1,0.1,1.0,0.01,-2.678896872913016,True
1.0,0.5,0.1,5.0,0.1,7.5,0.00913912634217523,True
1.0,1.0,0.1,2.0,0.5,0.01,0.17960200529456427,True
0.1,0.5,0.1,3.0,0.5,7.5,-0.002294460888895164,True
9.99,0.1,9.99,9.99,1.0,0.1,0.45103399586157317,True
1.0,0.1,0.1,2.0,1.0,2.5,0.12156874138091314,True
0.01,0.5,0.01,1.0,0.5,1.0,0.047604976274876004,True
0.01,1.0,0.0,0.01,1.0,0.0,-3.4364203745342974,True
1.0,0.1,0.1,5.0,0.5,1.0,0.005929979588914641,True
0.1,0.1,0.1,3.0,0.1,1.0,-0.005400541192619568,True
0.0,0.0,0.0,0.01,1.0,0.0,-3.463299358082656,True
0.01,1.0,0.1,0.1,0.1,0.01,-2.3495454023749005,True
0.1,0.5,1.0,1.0,1.0,5.0,0.0456784524228358,True
1.0,0.5,1.0,5.0,1.0,7.5,0.0017272563840967925,True
1.0,0.1,1.0,2.0,0.1,2.5,0.02566060789967503,True
0.1,1.0,9.99,9.99,0.5,9.99,0.07014104328037854,True
0.1,0.1,1.0,0.01,0.1,2.5,-0.06875608837588831,False
0.01,0.5,0.01,9.99,1.0,9.99,0.15036124068103618,True
1.0,0.5,0.1,0.1,0.5,0.1,-0.5022529659162607,True
0.1,0.5,0.1,1.0,0.1,9.99,0.011535779297694233,True
0.01,0.5,9.99,9.99,0.5,0.01,0.22618281398639306,True
9.99,0.5,9.99,9.99,1.0,9.99,0.12913346131272083,True
0.01,1.0,0.1,0.1,1.0,0.1,-1.9494542522459832,True
1.0,1.0,1.0,0.01,0.1,9.99,-0.43570123648636183,False
9.99,0.5,0.01,9.99,0.5,0.01,0.2006701968251331,True
0.1,0.5,1.0,5.0,1.0,1.0,-0.001612511718486087,True
0.0,0.0,0.1,0.1,1.0,0.1,-1.9401630940693508,True
1.0,0.1,1.0,9.99,0.1,1.0,0.04677156449582841,True
0.1,1.0,1.0,2.0,0.1,9.99,-0.01561097429136982,True
0.0,0.1,0.1,0.1,0.1,0.0,-2.623380805939831,True
0.1,0.1,1.0,1.0,1.0,0.1,0.13758828169136333,True
1.0,0.1,0.1,1.0,0.5,5.0,0.05378613639618905,True
0.1,0.5,0.0,0.0,0.0,0.0,-3.459859509137697,True
1.0,1.0,0.1,0.01,1.0,5.0,0.019367645641589992,False
1.0,0.1,0.1,3.0,0.1,7.5,0.030747877428619334,True
0.1,0.1,0.1,5.0,0.5,7.5,0.027941849283687814,True
0.01,1.0,0.1,1.0,1.0,0.1,0.11705223325351338,True
0.1,1.0,0.1,2.0,1.0,5.0,-0.028075273989334647,True
9.99,0.5,9.99,1.0,0.5,1.0,0.03416524555055375,True
1.0,1.0,0.01,1.0,1.0,1.0,0.1039870153979303,True
0.1,0.1,1.0,0.1,1.0,0.1,-1.828657933071337,True
0.1,0.1,1.0,1.0,0.1,0.1,-0.08701459698973196,True
0.1,1.0,1.0,2.0,1.0,9.99,0.05606473489399725,True
0.1,0.5,1.0,5.0,0.1,1.0,0.010613193960121614,True
0.0,0.0,0.1,0.1,0.1,0.1,-1.8578104656058063,True
1.0,0.1,1.0,9.99,1.0,1.0,0.34593478025310465,True
1.0,0.5,1.0,3.0,0.5,1.0,0.12395401188309083,True
0.01,1.0,0.1,0.1,0.1,0.1,-1.624063262842984,True
1.0,1.0,1.0,0.01,1.0,9.99,0.028560970582542478,False
1.0,1.0,0.01,1.0,0.1,1.0,0.04475248314315028,True
0.1,0.1,1.0,0.1,0.1,0.1,-1.6213186231275463,True
1.0,0.1,1.0,1.0,0.5,9.99,-0.015038026347744093,True
1.0,0.5,0.1,0.01,0.5,2.5,-0.03557912425120868,False
0.1,1.0,0.1,2.0,0.1,5.0,0.024498123485319073,True
1.0,0.01,1.0,0.01,1.0,0.01,-3.04642609028244,True
9.99,1.0,0.1,0.1,0.5,9.99,0.10110576889917611,False
1.0,0.1,0.1,3.0,1.0,7.5,0.035564417232695336,True
0.1,0.5,0.1,2.0,0.5,2.5,0.0860159626093584,True
0.01,0.1,0.01,0.0,0.0,0.0,-4.055382480968625,True
1.0,1.0,0.1,0.01,0.1,5.0,0.06808070887213238,False
0.1,0.5,0.1,0.1,1.0,9.99,0.007234777633966906,False
0.1,0.5,1.0,1.0,0.1,5.0,0.007748724788417399,True
9.99,0.1,9.99,0.0,0.0,0.0,0.019083350516935237,True
0.01,1.0,0.1,0.1,1.0,0.01,-2.6604097826294106,True
0.0,0.0,0.0,0.01,0.1,0.0,-3.534231614143615,True
0.1,0.1,0.1,3.0,1.0,1.0,0.019248298668816798,True
0.1,1.0,1.0,1.0,0.5,2.5,0.02446643585993245,True
0.01,1.0,0.0,0.01,0.1,0.0,-4.004408598129457,True
0.1,0.5,0.1,1.0,1.0,9.99,0.03926108033843716,True
0.1,0.1,1.0,0.01,1.0,2.5,0.20239991265236984,False
1.0,0.1,1.0,2.0,1.0,2.5,0.10241265449012818,True
0.1,0.5,1.0,3.0,0.5,7.5,0.0008913229502706607,True
1.0,1.0,1.0,2.0,0.5,0.01,0.2014405216174316,True
1.0,0.5,1.0,5.0,0.1,7.5,0.00225439214645113,True
9.99,1.0,9.99,1.0,0.1,9.99,0.03709067271999622,True
0.1,0.1,0.1,2.0,1.0,7.5,0.008058358860584869,True
1.0,0.01,0.1,1.0,1.0,1.0,0.1056221010765533,True
0.1,0.5,0.01,0.1,1.0,0.1,-1.8280985569914554,True
9.99,0.5,0.1,9.99,0.5,9.99,0.06233250890895581,True
0.1,0.5,0.1,5.0,0.1,2.5,0.006310964891242332,True
1.0,0.5,0.1,3.0,0.5,2.5,0.013200020435023118,True
1.0,0.1,0.1,0.01,1.0,7.5,-0.043125801844442035,False
1.0,1.0,0.1,3.0,0.1,5.0,-0.015743090437770307,True
0.1,1.0,0.1,5.0,0.5,5.0,0.021509742579610303,True
0.1,0.5,1.0,2.0,0.5,1.0,0.10258953447030011,True
9.99,1.0,9.99,0.1,0.1,9.99,-0.13563886873409725,False
1.0,1.0,0.1,1.0,0.5,7.5,0.016508339011123155,True
1.0,0.5,1.0,0.01,0.5,1.0,0.7502531012756074,True
1.0,0.1,1.0,0.0,0.1,0.1,0.593573543962485,True
9.99,0.1,0.01,0.01,0.1,0.01,-0.11910361743414785,True
1.0,1.0,1.0,3.0,1.0,9.99,0.0034400861420701492,True
0.01,0.1,9.99,0.01,0.1,0.01,-3.325869171255877,True
0.01,1.0,1.0,0.01,1.0,1.0,-0.1870306176770647,False
0.1,0.1,1.0,3.0,1.0,2.5,0.01867316229360061,True
0.1,1.0,0.1,1.0,0.5,1.0,0.0655166549887174,True
0.1,1.0,1.0,3.0,0.5,0.01,0.21578612007794803,True
1.0,0.5,1.0,2.0,0.5,7.5,0.05315408741062108,True
1.0,1.0,1.0,5.0,0.1,0.01,0.019644374047059168,True
0.1,0.5,1.0,0.01,0.5,7.5,-0.4354703027955128,False
1.0,0.1,0.1,2.0,1.0,1.0,0.19760656312046698,True
0.1,1.0,0.1,0.1,0.5,1.0,0.049882443555724354,True
5.0,0.1,1.0,0.0,0.1,1.0,1.0911155508781039,True
0.0,0.0,0.0,0.01,0.5,0.01,-3.560982317037447,True
1.0,0.1,1.0,1.0,0.01,0.1,0.05486190280676086,True
9.99,0.1,5.0,0.0,0.0,5.0,-0.3320185625116716,True
0.01,1.0,0.0,0.01,0.5,0.01,-3.6756701757107666,True
0.1,1.0,0.1,9.99,1.0,9.99,0.1370096364649251,True
1.0,1.0,0.1,9.99,0.5,0.1,0.20055039818947212,True
0.1,0.5,0.01,0.1,1.0,0.01,-2.6109851378645446,True
0.1,0.5,9.99,0.1,0.5,9.99,0.08884393519510594,False
1.0,1.0,1.0,5.0,1.0,0.01,0.007124757590302261,True
1.0,0.1,1.0,5.0,0.5,2.5,0.0004134395675479685,True
0.01,1.0,1.0,0.01,0.1,1.0,0.004585522864458236,False
0.1,0.1,1.0,3.0,0.1,2.5,0.02324983990165047,True
0.01,0.01,0.01,1.0,1.0,0.01,0.0011187779149516297,True
0.01,0.1,9.99,0.01,1.0,0.01,-3.1785833791957954,True
0.1,1.0,0.1,9.99,0.1,9.99,0.010518774634996508,True
0.0,0.0,0.1,0.1,0.5,0.0,-2.622460449782207,True
1.0,0.1,0.1,2.0,0.1,1.0,0.028050278909458666,True
0.001,0.1,0.1,0.0,0.1,0.1,-1.4108320019195442,False
1.0,1.0,0.1,3.0,1.0,5.0,-0.003996323451219447,True
1.0,0.1,0.1,0.01,0.1,7.5,0.023691550478403267,False
0.1,0.5,0.1,5.0,1.0,2.5,0.029201112463100795,True
1.0,0.01,0.1,1.0,0.1,1.0,0.0021647355701567006,True
0.1,0.1,0.1,2.0,0.1,7.5,0.013927439828303988,True
9.99,1.0,9.99,1.0,1.0,9.99,0.04299297640604424,True
0.1,1.0,1.0,5.0,0.5,9.99,-0.0033403681927158535,True
1.0,1.0,1.0,3.0,0.1,9.99,0.012660278419376031,True
9.99,0.1,0.01,0.01,1.0,0.01,-1.4145627052957657,True
9.99,1.0,9.99,9.99,0.5,1.0,0.17118413846760205,True
9.99,1.0,9.99,0.1,1.0,9.99,-0.053658177796232845,False
1.0,1.0,0.01,0.01,0.1,0.01,-0.4890335247509208,True
0.1,1.0,0.0,0.1,0.1,0.1,-0.9893428988216364,True
1.0,0.5,1.0,3.0,0.5,2.5,0.010307345048668964,True
0.1,0.5,1.0,5.0,0.1,2.5,0.008567816826163532,True
9.99,0.5,1.0,9.99,0.5,9.99,0.06558059152851745,True
1.0,0.01,1.0,1.0,1.0,1.0,0.11034655082846428,True
0.1,0.1,1.0,2.0,1.0,7.5,-0.001703032203545396,True
0.1,1.0,1.0,5.0,0.5,5.0,-0.008449571624324553,True
1.0,1.0,1.0,3.0,0.1,5.0,0.021815402333023426,True
1.0,0.1,1.0,0.01,1.0,7.5,-0.24923655224511765,False
1.0,1.0,1.0,1.0,0.5,7.5,-0.02326454304448319,True
0.1,0.5,0.1,2.0,0.5,1.0,0.10172203293822067,True
0.01,0.5,0.01,0.01,0.5,0.1,-2.4918504657913734,True
9.99,1.0,0.0,9.99,0.1,0.0,0.02684132774415665,True
1.0,0.1,9.99,1.0,0.1,9.99,0.027381920673051577,True
0.0,0.1,0.0,1.0,0.1,1.0,-0.0010880275567980296,True
1.0,0.1,0.1,0.0,0.1,0.1,0.5381411567475807,True
9.99,0.5,1.0,1.0,1.0,1.0,0.12906119344671974,True
1.0,1.0,0.1,3.0,1.0,9.99,-0.0010430841331704604,True
1.0,1.0,0.1,5.0,0.1,0.01,0.009152236746212336,True
1.0,0.5,0.1,2.0,0.5,7.5,0.021235533354771893,True
0.1,1.0,0.1,3.0,0.5,0.01,0.19061454573654854,True
0.1,1.0,1.0,1.0,0.5,1.0,0.06113309838984435,True
0.1,0.1,0.1,3.0,1.0,2.5,0.007035745778265906,True
0.1,0.5,0.1,0.01,0.5,7.5,0.38652384645760485,False
1.0,0.1,1.0,2.0,1.0,1.0,0.18912697050108315,True
0.1,1.0,1.0,0.1,0.5,1.0,-0.03999779474069265,True
1.0,0.1,0.1,1.0,0.01,0.1,0.15439647993986705,True
9.99,0.1,2.0,0.0,0.1,2.0,0.4067621599387006,True
0.1,0.1,0.1,3.0,0.1,2.5,0.0006546227896553625,True
1.0,0.1,0.1,5.0,0.5,2.5,0.016047663114089124,True
1.0,1.0,0.1,5.0,1.0,0.01,0.025953332467762547,True
0.0,0.0,1.0,1.0,0.5,0.0,-0.09291396042774902,True
0.01,0.5,0.01,0.01,0.5,0.01,-3.350186575239068,True
0.01,0.5,9.99,0.01,1.0,9.99,-0.43797579929435126,False
1.0,1.0,0.1,0.5,1.0,0.1,-0.18081647835914422,True
1.0,0.1,1.0,2.0,0.1,1.0,0.027687942820849094,True
1.0,0.1,1.0,0.01,0.1,7.5,-0.1949345681196405,False
1.0,1.0,1.0,3.0,1.0,5.0,0.027163677522990384,True
0.1,0.1,1.0,2.0,0.1,7.5,-0.0014181634783817787,True
1.0,0.01,1.0,1.0,0.1,1.0,-0.005118212334314476,True
0.1,0.5,1.0,5.0,1.0,2.5,0.0063129973524972405,True
9.99,0.5,9.99,0.01,0.5,0.01,-0.300647512022495,True
0.1,1.0,0.0,0.1,1.0,0.1,-1.7210625571954892,True
1.0,1.0,0.01,0.01,1.0,0.01,-0.6528489941805637,True
9.99,0.5,0.01,0.01,1.0,9.99,0.19033334609001307,False
1.0,1.0,0.1,3.0,0.1,9.99,0.02754338062230939,True
0.1,1.0,0.1,5.0,0.5,9.99,0.0007286857937289226,True
9.99,1.0,0.0,9.99,1.0,0.0,0.7471478682215021,True
1.0,0.1,9.99,1.0,1.0,9.99,0.11376899365593021,True
1.0,0.5,1.0,1.0,1.0,0.0,0.03591394171047979,True
9.99,1.0,9.99,9.99,0.1,0.01,0.04643839784443899,True
0.1,0.1,1.0,2.0,0.1,5.0,0.01179302912116294,True
1.0,0.5,1.0,0.01,1.0,0.01,-0.6660039724912943,True
0.1,1.0,0.1,0.1,0.1,0.1,-0.6644097068623527,True
9.99,0.1,1.0,9.99,1.0,1.0,0.34971575188362963,True
1.0,1.0,0.1,1.0,0.5,9.99,0.05881156529583287,True
1.0,0.1,1.0,0.01,0.1,5.0,-0.10533327277519244,False
0.1,0.5,1.0,2.0,1.0,0.01,-0.14866616211651942,True
1.0,1.0,1.0,3.0,1.0,7.5,-0.022792613143250665,True
1.0,0.01,0.01,1.0,0.01,0.01,-0.11406023864686962,True
0.1,0.1,0.1,2.0,1.0,9.99,0.05740063231909445,True
0.1,0.5,9.99,9.99,0.5,0.1,0.21171985982678843,True
0.1,1.0,0.1,1.0,0.1,0.1,-0.017913277385571802,True
1.0,0.1,0.1,0.01,1.0,9.99,-0.034188654621713804,False
1.0,0.5,1.0,1.0,1.0,2.5,0.0658014458694414,True
0.01,0.1,1.0,1.0,1.0,0.01,0.1533659196724333,True
0.1,1.0,0.1,0.01,1.0,2.5,0.0680979741240316,False
1.0,0.1,0.1,2.0,0.5,0.01,0.17521500989999775,True
1.0,1.0,0.1,2.0,1.0,2.5,0.10680418437105763,True
9.99,1.0,9.99,9.99,1.0,0.1,0.44602957107462937,True
0.1,1.0,0.1,0.1,1.0,0.01,-2.4689140980346087,True
1.0,0.5,1.0,2.0,0.5,9.99,0.009167918830146025,True
0.1,0.5,1.0,0.01,0.5,9.99,-0.244227464046463,False
0.01,1.0,0.01,9.99,0.1,0.01,0.030227665343870707,True
0.1,1.0,1.0,3.0,1.0,1.0,0.01263531772420931,True
0.1,0.1,0.1,1.0,0.5,2.5,0.027970947954229428,True
0.01,1.0,1.0,0.01,0.5,0.01,-2.9047330266960443,True
0.1,1.0,0.1,0.1,0.1,0.01,-1.4633683019500308,True
1.0,1.0,0.1,2.0,0.1,2.5,0.025416287263583234,True
9.99,1.0,9.99,9.99,0.1,0.1,0.0568166035632623,True
0.1,0.5,0.1,0.01,0.5,5.0,0.4055852105614425,False
0.1,1.0,0.1,0.01,0.1,2.5,0.15161340305854298,False
1.0,0.5,0.1,2.0,0.5,5.0,0.048874581428363484,True
0.01,0.1,1.0,1.0,0.1,0.01,-0.1301995660828238,True
0.01,1.0,9.99,9.99,0.5,9.99,0.07105721571765172,True
1.0,1.0,1.0,5.0,0.5,1.0,0.006586536181420598,True
9.99,0.5,0.1,0.1,0.5,0.1,-0.26888394868050836,True
0.1,1.0,1.0,3.0,0.1,1.0,0.013127360890325929,True
0.0,0.0,9.99,9.99,0.5,9.99,0.0664027767928555,True
0.01,1.0,0.01,9.99,1.0,0.01,0.6251886759068207,True
9.99,0.1,2.0,0.0,0.0,2.0,0.48285712156217686,True
1.0,0.01,0.1,1.0,0.5,0.1,-0.021149631457843238,True
1.0,1.0,1.0,3.0,0.1,7.5,-0.0040239128258930095,True
0.1,1.0,1.0,5.0,0.5,7.5,0.01188660989222698,True
0.1,0.5,1.0,2.0,0.1,0.01,-0.0016861559987839114,True
0.01,0.5,0.0,0.0,0.0,0.0,-4.456496493094288,True
1.0,0.1,1.0,0.01,1.0,5.0,-0.12098310321234712,False
9.99,0.1,1.0,9.99,0.1,1.0,0.043459958279980726,True
0.1,1.0,0.1,0.1,1.0,0.1,-1.6396803465363332,True
9.99,1.0,0.01,9.99,0.5,9.99,0.05601478366780824,True
1.0,0.5,9.99,9.99,1.0,9.99,0.12855884358715866,True
9.99,1.0,9.99,9.99,1.0,0.01,0.47697691754737015,True
0.1,0.1,1.0,2.0,1.0,5.0,-0.00464892035299426,True
1.0,0.5,1.0,1.0,0.1,2.5,0.011302278627838362,True
1.0,0.1,0.1,0.01,0.1,9.99,-0.1250294670301051,False
1.0,0.1,0.1,0.0,0.0,0.1,0.5423608840189513,True
1.0,0.5,9.99,1.0,0.5,1.0,0.07389067657595252,True
1.0,1.0,1.0,1.0,0.5,5.0,0.012879477255248087,True
0.1,1.0,0.1,1.0,1.0,0.1,0.12149777414593932,True
1.0,1.0,1.0,0.01,0.01,1.0,1.0807996756166858,True
0.1,0.1,0.1,2.0,0.1,9.99,0.016142932733897525,True
0.1,0.1,0.1,2.0,0.1,5.0,0.01403370905935919,True
1.0,1.0,1.0,1.0,0.5,9.99,-0.04567283806640629,True
9.99,0.5,0.0,9.99,0.5,9.99,0.08429289070714166,True
0.1,1.0,1.0,0.1,0.1,0.1,-0.5625938987818058,True
1.0,0.1,0.01,1.0,0.1,1.0,0.015998117096851228,True
1.0,1.0,0.1,3.0,1.0,7.5,0.023834623364604873,True
0.1,0.5,0.1,2.0,1.0,0.01,-0.13207108291878522,True
1.0,0.1,0.1,0.01,0.1,5.0,-0.12418999718666723,False
0.01,1.0,0.01,0.0,0.0,0.0,-4.478802307910214,True
0.1,0.1,1.0,2.0,1.0,9.99,0.038868408731647465,True
0.1,1.0,1.0,1.0,0.1,0.1,-0.06104016398404832,True
1.0,0.1,1.0,0.01,1.0,9.99,0.1628832579443389,False
0.01,0.1,0.1,0.1,0.1,0.1,-1.8804747677237712,True
0.0,0.1,1.0,1.0,0.1,1.0,0.0143669718075575,True
1.0,1.0,1.0,9.99,1.0,1.0,0.3422692099953935,True
1.0,0.5,0.1,1.0,1.0,2.5,0.06201021632474564,True
0.1,1.0,1.0,0.01,1.0,2.5,0.25149364706020017,False
1.0,1.0,1.0,2.0,1.0,2.5,0.10366640205759456,True
1.0,0.1,1.0,2.0,0.5,0.01,0.19472415307729599,True
9.99,1.0,9.99,0.0,0.0,0.0,0.01279117011726108,True
0.01,0.1,0.1,0.1,1.0,0.01,-2.599838032568542,True
1.0,0.5,0.1,2.0,0.5,9.99,0.015728314080772934,True
0.01,1.0,0.01,0.01,0.01,0.01,-3.7013182582320545,True
0.01,0.1,0.0,0.01,0.1,0.0,-3.3360758261756227,True
0.1,0.5,0.1,0.01,0.5,9.99,0.2908149276017761,False
0.01,1.0,0.1,0.01,0.5,0.01,-3.0983662157853193,True
0.1,0.1,1.0,1.0,0.5,2.5,0.0241727420853394,True
0.1,1.0,0.1,3.0,1.0,1.0,0.01736743203598245,True
0.1,0.5,1.0,0.01,0.5,5.0,-0.15970694708160277,False
1.0,1.0,1.0,2.0,0.1,2.5,0.005460232884698102,True
0.01,0.5,0.01,0.01,1.0,1.0,0.10965768456804126,False
0.0,0.0,0.0,1.0,0.5,0.0,-0.11034349397702703,True
1.0,0.5,1.0,2.0,0.5,5.0,0.03512409347506816,True
0.1,1.0,1.0,0.01,0.1,2.5,0.16574038214634945,False
0.1,1.0,0.1,3.0,0.1,1.0,0.014495265541356786,True
1.0,1.0,0.1,5.0,0.5,1.0,0.017447209689331,True
9.99,0.1,5.0,0.0,0.1,5.0,0.574263175683031,False
0.01,0.1,0.0,0.01,1.0,0.0,-3.3473684453736534,True
1.0,0.01,1.0,1.0,0.5,0.1,0.012591941039693189,True
0.01,0.01,1.0,1.0,0.01,1.0,-0.002269619462935607,True
0.0,0.0,0.0,0.1,0.5,0.0,-2.7525605873524883,True
0.01,0.1,0.1,0.1,0.1,0.01,-2.4705845415984076,True
1.0,0.1,0.1,0.01,1.0,5.0,-0.04148743828490353,False
0.1,0.5,0.1,2.0,0.1,0.01,0.005237907944536546,True
0.1,1.0,0.1,5.0,0.5,7.5,-0.0030504993758919616,True
1.0,1.0,0.1,3.0,0.1,7.5,0.009061387350440958,True
0.1,1.0,1.0,0.1,1.0,0.1,-1.6625133177980953,True
1.0,0.1,0.01,1.0,1.0,1.0,0.09708707473107572,True
0.1,0.1,0.1,2.0,1.0,5.0,0.023142941438949502,True
1.0,1.0,1.0,9.99,0.1,1.0,0.0502331062668241,True
1.0,0.5,0.1,1.0,0.1,2.5,-0.0026417867036868364,True
1.0,0.5,0.0,1.0,1.0,0.0,0.04668626047649349,True
1.0,1.0,0.01,0.01,0.5,1.0,0.9956800105476721,True
1.0,0.1,1.0,0.01,0.1,9.99,0.30945509436345875,False
0.01,0.1,0.1,0.1,1.0,0.1,-1.9089535320868176,True
0.01,1.0,0.1,0.01,0.5,0.1,-2.097417410710741,True
0.1,1.0,1.0,1.0,1.0,0.1,0.1657387133244418,True
1.0,1.0,0.1,1.0,0.5,5.0,0.044421047141630116,True
0.1,0.1,1.0,2.0,0.1,9.99,-0.027692010809877238,True
1.0,0.01,1.0,1.0,1.0,0.1,0.13586494201800844,True
0.0,0.0,0.0,0.1,1.0,0.0,-3.0819706418941664,True
1.0,0.5,0.1,2.0,0.1,9.99,0.002383359491524163,True
0.01,1.0,0.1,0.01,0.1,0.01,-2.705231816856776,True
1.0,1.0,0.1,5.0,1.0,1.0,0.031106975695564976,True
0.1,0.1,1.0,1.0,0.1,2.5,0.07703054541136298,True
0.1,0.5,0.1,0.0,0.0,0.1,-0.9134722911710386,True
0.1,0.5,0.1,0.01,0.1,9.99,-0.2965194176357284,False
0.01,0.5,0.01,0.01,0.5,1.0,-0.047838626365318104,False
1.0,0.5,1.0,2.0,1.0,5.0,0.07364797293635073,True
0.0,0.0,0.0,1.0,1.0,0.0,-0.008043964211129295,True
0.1,0.1,9.99,9.99,1.0,9.99,0.1336406452892641,True
9.99,0.1,0.0,0.0,0.0,0.0,0.00629050001691045,True
1.0,0.1,0.5,0.0,0.1,0.5,1.3717903385016077,True
0.1,0.5,1.0,0.01,1.0,5.0,0.09875612325655539,False
1.0,0.1,1.0,2.0,0.1,0.01,0.03170104465406476,True
1.0,1.0,0.1,1.0,1.0,5.0,0.01368063999815683,True
0.1,1.0,1.0,1.0,0.5,0.1,0.028549172086040464,True
0.01,1.0,0.1,0.01,1.0,0.1,-2.233825258821759,True
1.0,1.0,0.01,0.01,1.0,1.0,0.8822005946516758,True
1.0,0.5,0.0,1.0,0.5,0.0,-0.032446202316146644,True
1.0,1.0,1.0,1.0,0.1,9.99,0.006424204351105984,True
0.1,1.0,1.0,0.1,0.5,0.1,-1.509560953382736,True
0.1,0.1,0.1,2.0,0.5,5.0,0.0016210574038681425,True
9.99,0.1,0.1,0.1,0.1,9.99,0.07415972648960006,False
0.1,1.0,0.1,5.0,1.0,7.5,0.00995226801566574,True
1.0,0.1,0.1,1.0,0.01,1.0,0.03463475723504855,True
1.0,0.1,0.1,0.01,0.5,5.0,-0.03795010751933653,False
1.0,1.0,0.01,0.01,0.1,1.0,1.1328079470475472,True
1.0,0.1,1.0,0.01,0.5,9.99,-0.040170636743459776,False
1.0,0.5,0.1,1.0,0.5,2.5,0.062400406146554,True
1.0,1.0,1.0,9.99,0.5,1.0,0.1844440952406849,True
1.0,0.01,1.0,1.0,1.0,0.01,0.13335901257909205,True
0.1,0.1,1.0,2.0,0.5,9.99,0.006970861403103417,True
0.01,1.0,0.1,0.01,0.1,0.1,-1.6757382511070016,True
1.0,1.0,0.1,1.0,0.1,5.0,-0.04135946026376722,True
0.1,1.0,0.1,5.0,0.1,7.5,0.01567101878089243,True
0.1,0.5,0.1,2.0,0.5,0.01,-0.029439786341343505,True
1.0,1.0,0.1,3.0,0.5,7.5,0.01872590118534327,True
0.01,0.1,0.01,0.0,0.1,0.01,-3.9007561392463423,True
9.99,0.1,0.1,0.1,1.0,9.99,0.07762123186672769,False
9.99,0.5,0.0,9.99,1.0,9.99,0.1232324535738542,True
1.0,1.0,1.0,1.0,1.0,9.99,0.014591896501140601,True
0.1,0.5,0.1,0.01,1.0,9.99,0.45367965334216054,False
0.1,1.0,0.1,3.0,0.5,1.0,0.008041509363007689,True
1.0,1.0,0.1,5.0,0.1,1.0,0.002442188357186549,True
0.1,0.1,1.0,1.0,1.0,2.5,0.07297827082400682,True
0.01,1.0,0.1,0.01,1.0,0.01,-3.2257715243133713,True
0.0,0.0,0.0,0.1,0.1,0.0,-2.570424699097597,True
1.0,0.5,0.1,2.0,1.0,9.99,0.03703392237497605,True
1.0,0.01,1.0,1.0,0.1,0.1,-0.09484620265790564,True
1.0,0.1,0.0,0.0,0.0,1.0,1.2001048608157618,True
1.0,0.1,1.0,2.0,1.0,0.01,0.4257552998511416,True
0.1,0.5,1.0,0.01,0.1,5.0,-0.25100237482929527,False
1.0,1.0,1.0,2.0,0.5,2.5,0.058688437329933923,True
0.1,0.1,9.99,9.99,0.1,9.99,0.032645463210492304,True
0.0,0.0,0.0,1.0,0.1,0.0,-0.1432189195939863,True
1.0,0.5,1.0,2.0,0.1,5.0,-0.008333846400601225,True
0.1,1.0,1.0,0.01,0.5,2.5,0.03495984129548463,False
1.0,1.0,0.0,0.0,0.0,0.0,-0.8072378647684698,True
1.0,0.01,0.1,1.0,1.0,0.1,0.10548642695162991,True
1.0,0.5,1.0,2.0,0.1,9.99,0.028336855501306435,True
9.99,0.5,0.1,0.1,1.0,0.1,-0.805000522396693,True
1.0,1.0,1.0,5.0,1.0,1.0,0.008875414212397799,True
0.1,0.1,0.1,1.0,0.1,2.5,0.010809799749837645,True
0.01,1.0,1.0,0.01,0.1,0.01,-1.4898669277980825,True
0.01,1.0,9.99,9.99,1.0,9.99,0.13704962344685945,True
0.1,0.5,1.0,0.01,0.1,9.99,-0.784684393965754,False
0.01,1.0,0.01,9.99,0.5,0.01,0.19235920417744723,True
0.0,0.0,9.99,9.99,1.0,9.99,0.12683999977697724,True
0.01,0.01,0.01,1.0,1.0,1.0,0.11358366338209483,True
0.1,0.1,0.1,0.01,0.1,0.01,-2.341035399157863,True
1.0,0.5,0.1,2.0,1.0,5.0,0.017291274099957885,True
1.0,0.1,0.1,2.0,0.1,0.01,0.03589769982752061,True
0.1,0.5,0.1,0.01,1.0,5.0,0.041346865564870994,False
1.0,0.1,1.0,0.0,0.1,1.0,1.1205549277643088,True
0.1,0.1,0.0,0.1,1.0,0.0,-2.830387994008493,True
0.1,1.0,0.1,1.0,0.5,0.1,0.014399167372219801,True
1.0,1.0,1.0,1.0,1.0,5.0,0.060692664350348494,True
9.99,0.1,1.0,1.0,0.1,9.99,0.059139921299117805,True
1.0,0.5,9.99,1.0,1.0,1.0,0.1559261315359032,True
9.99,1.0,0.01,9.99,1.0,9.99,0.13686806467768045,True
0.1,1.0,0.1,0.1,0.5,0.1,-1.4034594977884662,True
1.0,1.0,0.1,1.0,0.1,9.99,0.040509096895665175,True
0.1,0.1,1.0,2.0,0.5,5.0,0.00563083745797055,True
9.99,1.0,9.99,9.99,0.5,0.01,0.21716421042788225,True
1.0,0.5,9.99,9.99,0.5,9.99,0.05483550442352708,True
1.0,0.1,1.0,0.01,0.5,5.0,-0.11782828672886447,False
0.1,1.0,1.0,5.0,1.0,7.5,0.021081655426836293,True
1.0,0.1,1.0,1.0,0.01,1.0,0.006425168567028031,True
0.1,0.1,0.1,0.01,1.0,0.1,-2.217985064582323,True
1.0,0.1,0.1,0.01,0.5,9.99,-0.013805404969602864,False
1.0,0.5,1.0,1.0,0.5,2.5,0.06556240109696243,True
9.99,0.1,1.0,1.0,1.0,9.99,-0.008709871844798212,True
0.1,0.5,9.99,9.99,1.0,0.1,0.443040041698343,True
0.1,0.1,0.1,2.0,0.5,9.99,-0.015578903223035429,True
1.0,1.0,1.0,1.0,0.1,5.0,-0.03127914108668481,True
1.0,1.0,1.0,3.0,0.5,7.5,0.021510118690406282,True
0.1,0.1,0.1,0.01,0.1,0.1,-1.4237965430122748,True
0.1,0.5,1.0,2.0,0.5,0.01,-0.022670278274566302,True
0.1,1.0,1.0,5.0,0.1,7.5,-0.00951420931456759,True
1.0,0.5,1.0,0.01,0.5,0.01,-0.3143056652415551,True
1.0,1.0,0.1,1.0,1.0,9.99,0.04240766466836321,True
9.99,1.0,0.01,9.99,0.1,9.99,0.011210052413099823,True
1.0,1.0,1.0,0.5,1.0,1.0,0.024599870480437547,True
0.0,0.0,9.99,9.99,0.1,9.99,0.029435516069828388,True
0.1,0.5,1.0,0.01,1.0,9.99,0.6295304000366473,False
0.01,1.0,9.99,9.99,0.1,9.99,0.025154368087688457,True
0.01,1.0,1.0,0.01,1.0,0.01,-3.0932805073115284,True
1.0,1.0,1.0,5.0,0.1,1.0,0.0053572581370033776,True
0.1,0.1,0.1,1.0,1.0,2.5,0.06066870396315202,True
0.1,1.0,1.0,3.0,0.5,1.0,0.016468675705562208,True
1.0,0.5,1.0,2.0,1.0,9.99,0.08068220010763973,True
1.0,0.01,0.1,1.0,0.1,0.1,-0.10016428442568695,True
9.99,1.0,9.99,9.99,0.5,0.1,0.21999392018131597,True
1.0,1.0,0.1,2.0,0.5,2.5,0.06365902247558124,True
0.1,0.1,1.0,0.0,0.1,0.5,1.3385277818568744,True
0.1,0.5,0.1,0.01,0.1,5.0,-0.289228361913198,False
0.1,0.1,0.0,0.1,0.1,0.0,-2.3753765123812602,True
1.0,0.1,0.1,2.0,1.0,0.01,0.4447578183254256,True
0.1,1.0,0.1,0.1,0.5,0.01,-2.0692692514042,True
0.1,1.0,0.1,0.01,0.5,2.5,0.17232334801347465,False
1.0,0.5,0.1,2.0,0.1,5.0,0.013378067596408041,True
0.1,0.1,0.1,0.01,1.0,0.01,-2.97964292261089,True
9.99,0.1,0.1,9.99,1.0,0.1,0.4398246433737241,True
0.1,1.0,1.0,0.1,0.1,1.0,0.19461125017258635,True
0.01,0.5,0.01,0.01,1.0,0.01,-3.2921505672389535,True
0.01,0.5,9.99,0.01,0.5,9.99,-0.004239016779017946,False
1.0,0.5,0.1,2.0,0.1,7.5,0.00445370104652075,True
1.0,1.0,0.1,5.0,0.5,0.01,0.017066124927083093,True
0.1,1.0,0.1,3.0,0.1,0.01,0.04142932918524047,True
0.1,1.0,1.0,1.0,0.1,1.0,0.002624568900670206,True
1.0,0.1,0.1,5.0,1.0,2.5,0.01481895104874234,True
0.0,0.0,1.0,1.0,1.0,0.0,0.009297146133408707,True
0.1,0.5,0.1,0.01,0.1,7.5,0.19842925558532293,False
0.01,0.01,1.0,1.0,0.01,0.01,-0.15579077345864364,True
9.99,0.5,9.99,0.0,0.0,9.99,-0.7236994129032768,True
0.1,0.1,1.0,0.0,0.0,0.5,1.4189431615906825,True
0.1,0.1,0.1,0.1,1.0,0.0,-2.8140123637971373,True
1.0,1.0,1.0,1.0,0.1,7.5,0.03646966859743246,True
0.1,0.5,0.1,2.0,0.1,1.0,0.03023846146076531,True
1.0,0.1,0.01,1.0,1.0,0.01,0.05060579166980783,True
0.1,1.0,0.1,5.0,1.0,9.99,0.016399022395716917,True
1.0,0.5,1.0,1.0,0.5,0.0,-0.06455512745146197,True
9.99,1.0,0.0,9.99,0.5,0.0,0.18211818377093691,True
0.1,0.1,9.99,0.1,0.1,0.1,-1.8924240973936353,True
1.0,0.5,1.0,3.0,0.1,2.5,-0.002824977853255334,True
0.1,1.0,0.0,0.1,0.5,0.1,-1.5486953719935181,True
9.99,0.5,9.99,0.01,1.0,0.01,-0.6491187833566915,True
0.1,0.5,1.0,5.0,0.5,2.5,0.009205903042319441,True
9.99,0.1,9.99,9.99,0.1,0.0,0.033163166816036704,True
9.99,0.5,0.01,0.01,0.5,9.99,-0.09948370651611715,False
1.0,1.0,0.01,0.01,0.5,0.01,-0.5747661617360182,True
1.0,0.1,9.99,9.99,1.0,1.0,0.34494551176601324,True
0.1,1.0,1.0,5.0,0.1,5.0,0.02335953579722782,True
1.0,1.0,1.0,3.0,0.5,5.0,0.0014115110876706735,True
0.1,0.1,9.99,0.1,1.0,0.1,-1.8373182406908646,True
1.0,1.0,0.1,3.0,0.5,9.99,-0.01949691469558258,True
9.99,0.5,1.0,1.0,0.5,1.0,0.07879936404639395,True
0.1,1.0,0.1,5.0,0.1,9.99,-0.003877733533520812,True
1.0,0.1,0.01,1.0,0.1,0.01,-0.087843233141365,True
0.1,0.5,0.1,2.0,1.0,1.0,0.1755476206300695,True
1.0,1.0,1.0,1.0,1.0,7.5,0.051560064420875545,True
0.01,0.5,0.01,0.01,1.0,0.1,-2.576925229679163,True
1.0,0.1,1.0,0.01,0.5,7.5,0.32940822717708573,False
0.1,1.0,1.0,5.0,1.0,5.0,0.0091070865397479,True
1.0,0.1,9.99,9.99,0.1,1.0,0.02930475471203936,True
0.1,0.1,1.0,2.0,0.5,7.5,-0.01653736174729646,True
1.0,0.01,1.0,1.0,0.5,1.0,0.064035443731422,True
9.99,0.5,1.0,9.99,1.0,9.99,0.13036091100793296,True
9.99,0.1,9.99,9.99,1.0,0.0,0.6017129486223508,True
1.0,0.5,1.0,3.0,1.0,2.5,0.0032264315899350865,True
1.0,0.1,1.0,2.0,0.5,1.0,0.1052318221384988,True
0.1,1.0,1.0,0.1,1.0,1.0,-0.030858740932575346,True
9.99,0.1,0.1,9.99,0.1,0.1,0.04532327162592615,True
0.1,0.1,0.1,0.1,0.1,0.0,-2.3129322597402036,True
0.01,1.0,0.01,0.01,0.01,1.0,1.2688270900915457,True
1.0,0.1,1.0,0.0,0.0,1.0,1.1122332717469834,True
0.1,0.5,0.1,0.01,1.0,7.5,0.3213748049072845,False
0.0,0.0,1.0,1.0,0.1,0.0,-0.1464094336484008,True
0.1,0.1,0.1,3.0,0.5,2.5,-0.005708657830124298,True
0.1,1.0,1.0,1.0,1.0,1.0,0.12571989911626505,True
1.0,0.1,0.1,5.0,0.1,2.5,0.011740436931208464,True
0.1,1.0,0.1,3.0,1.0,0.01,0.4829879179898443,True
1.0,0.5,0.1,2.0,1.0,7.5,0.06792921575177854,True
0.1,1.0,0.1,0.1,0.1,1.0,0.428716197473992,True
1.0,1.0,1.0,0.0,0.0,0.0,0.024078249979347655,True
0.0,0.0,0.1,0.1,1.0,0.0,-2.878193361594521,True
0.01,1.0,0.0,0.01,0.1,0.01,-3.8230912652626374,True
0.0,0.0,0.0,0.01,0.1,0.01,-2.9674709755474833,True
0.01,0.1,1.0,1.0,0.1,1.0,0.010545188102320455,True
0.1,0.5,0.0,0.0,0.0,0.1,-1.6695830042703255,True
0.1,1.0,0.1,1.0,0.1,1.0,0.02711504361850048,True
0.01,0.1,0.01,0.01,1.0,9.99,-0.1614287540650553,False
1.0,0.1,1.0,5.0,1.0,2.5,0.024167360661032533,True
0.1,1.0,1.0,3.0,0.1,0.01,0.05278781209134481,True
1.0,1.0,1.0,5.0,0.5,0.01,0.008262045685498223,True
1.0,0.5,1.0,2.0,0.1,7.5,0.026543131294314154,True
0.0,0.0,0.0,1.0,0.0,0.0,-1.2706357617679531,False
0.1,0.5,0.01,0.1,0.5,0.01,-2.4276672236289993,True
0.1,0.1,0.5,0.0,0.0,1.0,1.3060048186762387,True
0.1,0.5,1.0,0.01,0.1,7.5,-0.0685358420093426,False
1.0,0.1,0.0,0.0,0.1,1.0,1.2128130983877492,True
0.1,0.5,9.99,0.1,1.0,9.99,0.03443958985089335,False
0.1,0.5,1.0,2.0,0.1,1.0,0.025229839438963952,True
9.99,1.0,9.99,0.1,0.5,9.99,0.0747626959110835,False
1.0,1.0,0.1,1.0,0.1,7.5,0.018618666598170054,True
0.1,1.0,1.0,5.0,1.0,9.99,-0.01525742417030923,True
9.99,0.1,9.99,0.01,1.0,9.99,-0.054032771402459656,False
9.99,1.0,9.99,9.99,1.0,1.0,0.34650851670990024,True
0.1,0.5,0.1,5.0,0.5,2.5,0.010642193285231298,True
1.0,0.5,0.1,3.0,0.1,2.5,0.015258412903226104,True
9.99,1.0,9.99,1.0,0.5,9.99,-0.005821676880943344,True
1.0,1.0,0.1,3.0,0.5,5.0,0.008159742156782723,True
1.0,1.0,1.0,0.01,0.01,0.01,0.1220073122452789,True
0.1,1.0,0.1,5.0,0.1,5.0,0.011227053347177218,True
0.01,0.1,0.01,0.0,0.0,0.01,-3.8970376526148964,True
9.99,1.0,9.99,9.99,0.1,1.0,0.034699200463995994,True
1.0,0.5,1.0,0.01,1.0,1.0,0.5806850700300582,False
9.99,0.1,9.99,0.01,0.1,9.99,0.4133779816795049,False
0.1,1.0,1.0,5.0,0.1,9.99,0.020033371399132166,True
1.0,1.0,1.0,3.0,0.5,9.99,0.005321677311941345,True
1.0,1.0,0.1,1.0,1.0,7.5,0.05377380367401478,True
0.1,0.5,1.0,2.0,1.0,1.0,0.2121362006911801,True
1.0,0.01,0.01,1.0,0.01,1.0,0.002397168154121887,True
0.1,1.0,0.1,5.0,1.0,5.0,0.005225665242825195,True
1.0,0.1,0.1,0.01,0.5,7.5,-0.26341759912732793,False
1.0,0.5,0.1,3.0,1.0,2.5,0.024072661967086878,True
9.99,0.5,0.1,9.99,1.0,9.99,0.11871642846378927,True
0.1,0.5,0.01,0.1,0.5,0.1,-1.661045022940403,True
1.0,0.01,0.1,1.0,0.5,1.0,0.030012975769048385,True
0.1,0.1,0.1,2.0,0.5,7.5,0.043775681476482836,True
0.01,0.1,1.0,1.0,1.0,1.0,0.09191418401450416,True
0.0,0.0,0.0,0.01,1.0,0.01,-3.3626968496920107,True
0.1,1.0,0.1,9.99,0.5,9.99,0.07571230705605436,True
0.01,1.0,0.0,0.01,1.0,0.01,-3.0781540336652076,True
1.0,0.1,0.1,2.0,0.5,1.0,0.10188296430379803,True
0.0,0.0,0.1,0.1,0.1,0.0,-2.551698116416976,True
0.1,1.0,0.1,0.1,1.0,1.0,0.01114070250564983,True
0.1,0.5,1.0,0.01,1.0,7.5,0.258228305227467,False
1.0,0.5,1.0,2.0,1.0,7.5,0.021921279066558455,True
0.1,1.0,1.0,3.0,1.0,0.01,0.4664627900025947,True
0.1,1.0,0.1,1.0,1.0,1.0,0.13381736532015023,True
1.0,0.1,1.0,5.0,0.1,2.5,-0.007414110867659474,True
0.01,0.1,0.01,0.01,0.1,9.99,-0.20006372759683289,False
0.1,0.1,1.0,3.0,0.5,2.5,0.013029731419311491,True
0.01,1.0,1.0,0.01,0.5,1.0,-0.13529369689728607,False
9.99,1.0,0.1,0.1,1.0,9.99,0.23045524264885908,False
0.1,0.5,0.1,2.0,1.0,2.5,0.08955352857535373,True
1.0,0.1,0.1,3.0,0.5,7.5,-0.009724931118313032,True
0.1,0.1,0.1,5.0,0.1,7.5,0.0011190645313790826,True
1.0,0.1,1.0,1.0,1.0,9.99,0.0227058822741699,True
1.0,0.5,0.1,0.01,1.0,2.5,-0.11966469377432398,False
1.0,0.5,1.0,3.0,1.0,1.0,0.22926627413735165,True
1.0,1.0,1.0,0.01,0.5,9.99,0.35836730473437145,False
1.0,0.1,0.01,0.01,0.1,1.0,0.9227486440003518,True
0.01,0.1,0.1,0.01,0.1,0.1,-2.0836870011131663,True
1.0,0.1,0.1,1.0,0.1,5.0,0.011095704067740714,True
0.1,1.0,1.0,2.0,0.5,9.99,0.012775816088441215,True
0.01,1.0,0.01,1.0,0.01,0.01,-0.042164365348320715,True
1.0,1.0,1.0,2.0,1.0,0.01,0.4337797431083152,True
1.0,1.0,0.0,0.0,0.0,1.0,1.1848711497924194,True
0.1,0.5,1.0,3.0,1.0,7.5,0.0029920745199245105,True
1.0,0.1,1.0,2.0,0.5,2.5,0.07121429817666858,True
0.1,0.5,0.1,1.0,0.5,9.99,-0.008757999501403185,True
0.1,1.0,9.99,9.99,0.1,9.99,0.028828988381731806,True
0.1,0.1,1.0,0.01,0.5,2.5,0.17606151553412724,False
1.0,0.1,0.1,5.0,0.1,1.0,0.005673761968012128,True
0.1,1.0,1.0,1.0,1.0,2.5,0.09285680005600527,True
0.1,0.1,0.1,3.0,0.5,1.0,0.028622620757914607,True
0.01,0.1,0.1,0.01,1.0,0.01,-3.4033083312014254,True
0.01,0.1,1.0,0.0,0.1,0.5,1.5930634045704737,False
0.1,0.5,0.1,0.1,0.5,9.99,-0.050109279866198425,False
1.0,0.1,1.0,0.0,0.1,0.0,0.004694841721153059,True
1.0,0.5,0.1,1.0,0.1,0.1,0.08469106685703949,True
0.01,1.0,0.1,0.1,0.5,0.01,-2.5115950053810048,True
1.0,1.0,9.99,9.99,0.5,0.1,0.20899234478591283,True
0.01,0.5,0.01,9.99,0.5,9.99,0.05280925500310141,True
0.1,1.0,9.99,9.99,1.0,9.99,0.12820099242319927,True
0.01,0.5,9.99,9.99,1.0,0.01,0.48410313291626844,True
1.0,0.5,0.1,0.1,1.0,0.1,-1.0097031086471997,True
0.01,0.01,1.0,0.01,0.01,1.0,-0.2254477911470077,False
0.1,0.5,1.0,3.0,0.1,7.5,0.022808681871392233,True
1.0,0.5,1.0,5.0,0.5,7.5,-0.008533671662985048,True
1.0,1.0,1.0,2.0,0.1,0.01,0.051741904612352216,True
9.99,1.0,0.0,0.0,0.0,0.0,0.016532900798172823,True
9.99,0.1,1.0,0.0,0.1,1.0,1.089499045791666,True
1.0,0.5,0.1,1.0,1.0,0.1,0.13449672767467413,True
0.1,0.5,1.0,1.0,0.5,5.0,0.05579370784120805,True
0.01,1.0,0.0,0.01,0.5,0.0,-3.760084551726412,True
0.01,0.5,0.01,1.0,1.0,1.0,0.1263640840137543,True
0.01,0.1,0.1,0.01,0.1,0.01,-3.260863422887412,True
0.0,0.0,0.0,0.01,0.5,0.0,-3.5966991436895457,True
1.0,0.1,0.1,5.0,1.0,1.0,0.004498945395734408,True
0.1,1.0,1.0,1.0,0.1,2.5,0.016657451528249725,True
9.99,0.5,9.99,1.0,1.0,1.0,0.12499185677719792,True
1.0,0.5,0.1,0.01,0.1,2.5,0.13024651109091767,False
0.1,1.0,0.1,2.0,0.5,5.0,0.03339197052444823,True
1.0,1.0,0.01,1.0,0.5,1.0,0.06505814972477955,True
1.0,0.1,1.0,1.0,0.1,9.99,-0.0022702025188061706,True
1.0,1.0,0.1,1.0,0.01,1.0,0.23335611992381278,True
0.1,0.1,0.1,5.0,1.0,7.5,0.005391770732256801,True
0.1,0.5,0.1,2.0,0.1,2.5,0.021980298527055825,True
1.0,1.0,0.1,0.01,0.5,5.0,-0.2022808564200571,False
9.99,1.0,0.1,0.1,0.1,9.99,0.142118222128773,False
1.0,0.1,0.1,1.0,1.0,5.0,0.02965560811871911,True
0.01,0.1,0.1,0.01,1.0,0.1,-2.4603040065421498,True
1.0,0.1,0.01,0.01,1.0,1.0,0.21138163092794132,False
0.01,1.0,0.1,0.1,0.5,0.1,-1.8332580038961677,True
9.99,0.5,9.99,9.99,0.5,9.99,0.06780532403146212,True
0.0,0.0,0.1,0.1,0.5,0.1,-1.968922338531239,True
0.1,0.5,1.0,5.0,0.5,1.0,0.017007638903529056,True
1.0,0.5,1.0,3.0,0.1,1.0,0.03270150571962066,True
9.99,0.5,0.01,9.99,1.0,0.01,0.6221120505675856,True
1.0,0.01,0.01,0.01,0.01,0.01,-0.28234854903749534,True
0.1,0.1,1.0,5.0,0.1,7.5,0.002870303369357702,True
1.0,0.1,1.0,3.0,0.5,7.5,0.005542532245452161,True
0.1,1.0,0.1,0.01,0.1,0.1,-0.972411710586609,True
0.1,0.5,1.0,2.0,1.0,2.5,0.09977914590659996,True
9.99,0.1,0.01,9.99,0.1,9.99,0.015676230968143093,True
1.0,0.1,0.1,1.0,1.0,9.99,0.030326956411024675,True
9.99,1.0,1.0,9.99,0.5,1.0,0.17183627044499522,True
1.0,0.5,0.0,1.0,0.5,1.0,0.07475963909486841,True
1.0,0.5,1.0,0.01,1.0,2.5,0.06853373604576041,False
9.99,1.0,1.0,1.0,1.0,9.99,-0.023462533845966554,True
1.0,0.5,0.1,3.0,1.0,1.0,0.23527000112587115,True
1.0,0.5,1.0,1.0,1.0,0.01,0.1465569789961697,True
1.0,1.0,0.1,0.01,0.5,9.99,0.42928389102551057,False
1.0,0.1,1.0,1.0,0.1,5.0,0.013834988601912766,True
0.1,1.0,0.1,2.0,0.5,9.99,0.04030406582468238,True
0.1,1.0,0.0,0.1,0.1,0.0,-2.123492356241457,True
0.25,0.1,0.25,0.0,0.1,0.25,0.9241559846784995,True
1.0,1.0,1.0,0.0,1.0,1.0,1.0979730934567624,True
1.0,0.1,0.1,2.0,0.5,2.5,0.04408818600966241,True
0.1,0.5,0.1,3.0,1.0,7.5,0.01564004978993938,True
1.0,1.0,0.1,2.0,1.0,0.01,0.4450890326808077,True
0.1,0.5,1.0,1.0,0.5,9.99,0.04046584396255786,True
0.0,0.0,0.0,9.99,0.5,9.99,0.05240902803712828,True
0.1,0.1,0.1,0.01,0.5,2.5,-0.14415444462780674,False
0.01,1.0,1.0,1.0,0.5,0.01,-0.014692516336184902,True
0.1,1.0,0.1,0.01,1.0,0.01,-2.567095543563138,True
0.01,0.1,1.0,0.01,1.0,0.01,-3.223205022115463,True
0.01,0.1,9.99,9.99,0.1,9.99,0.01065525468011494,True
0.0,0.0,0.0,1.0,1.0,1.0,0.10684374256781594,True
0.1,0.1,1.0,3.0,0.5,1.0,0.021072546462182762,True
1.0,0.1,1.0,5.0,0.1,1.0,0.008707250075963839,True
0.1,1.0,0.1,1.0,1.0,2.5,0.07532492635794008,True
0.01,0.5,0.01,0.01,0.5,0.0,-3.327689931022161,True
1.0,0.5,1.0,1.0,0.1,0.1,0.015547084791170784,True
0.01,0.1,0.5,0.0,0.1,1.0,1.3520577756990217,True
0.1,1.0,0.1,0.01,0.1,0.01,-2.210114237636485,True
1.0,0.5,1.0,0.1,1.0,0.1,-1.2707331033830602,True
1.0,1.0,0.1,2.0,0.1,0.01,0.05458905843850098,True
1.0,0.5,0.1,5.0,0.5,7.5,0.006467070854305673,True
0.1,0.5,0.1,3.0,0.1,7.5,0.006747709908534558,True
0.1,1.0,0.0,0.1,1.0,0.0,-2.8327475525639025,True
1.0,0.1,0.0,0.0,0.0,0.0,-0.1790410413887743,True
0.1,0.5,0.1,1.0,0.5,5.0,0.03880522064546861,True
1.0,0.5,1.0,1.0,1.0,0.1,0.16539700185144368,True
0.1,0.01,0.1,0.0,0.0,0.1,-0.813210548808995,True
1.0,0.1,1.0,5.0,1.0,1.0,0.01259625127225375,True
0.1,1.0,0.1,1.0,0.1,2.5,0.028640417388712355,True
0.0,0.0,0.0,1.0,0.1,1.0,0.021055502214050226,True
0.01,0.1,9.99,9.99,1.0,9.99,0.1249995281711827,True
0.01,0.1,1.0,0.01,0.1,0.01,-2.774563726353183,True
0.1,1.0,1.0,2.0,0.5,5.0,0.020922585671536625,True
1.0,0.5,1.0,0.01,0.1,2.5,0.19969799550535128,False
1.0,0.1,0.1,1.0,0.1,9.99,-0.031865594465792804,True
9.99,0.1,0.01,9.99,1.0,9.99,0.1357583826773739,True
1.0,1.0,1.0,0.01,0.5,5.0,-0.0934460411213211,False
0.1,0.5,1.0,2.0,0.1,2.5,0.028885854762068383,True
0.1,1.0,0.1,0.01,1.0,0.1,-1.318938537933072,True
1.0,1.0,1.0,1.0,0.01,1.0,0.16540597704337323,True
0.1,0.1,1.0,5.0,1.0,7.5,0.0029972276975938072,True
1.0,0.1,1.0,1.0,1.0,5.0,0.0028019197989138517,True
1.0,0.5,0.1,3.0,0.1,1.0,0.0032977553996558218,True
9.99,1.0,1.0,1.0,0.1,9.99,-0.017812182198784592,True
0.1,0.5,0.1,5.0,0.5,1.0,-0.004987255633925327,True
1.0,1.0,1.0,0.01,0.5,7.5,-0.04248215738655292,False
0.1,0.1,1.0,5.0,1.0,5.0,0.009402212904376126,True
0.01,0.5,0.0,0.0,0.0,0.01,-4.360423561782109,True
1.0,0.5,1.0,3.0,0.5,0.01,0.21247291591198691,True
0.1,1.0,1.0,2.0,0.5,7.5,0.01915729310431616,True
0.1,0.5,1.0,5.0,0.1,0.01,0.008089895408906266,True
9.99,1.0,9.99,9.99,1.0,0.0,0.5862159363549706,True
1.0,0.5,0.1,1.0,0.5,1.0,0.0627471015203977,True
1.0,1.0,9.99,9.99,0.1,1.0,0.0329135357125478,True
0.1,0.1,0.1,5.0,0.1,9.99,0.00347194094404521,True
1.0,0.1,0.1,3.0,0.5,9.99,-0.002233745688410567,True
1.0,1.0,0.01,1.0,0.1,0.01,0.34835692028815357,True
0.01,0.5,0.01,0.1,0.5,0.1,-1.9365464468837024,True
1.0,0.01,1.0,0.01,1.0,1.0,0.019223974866839466,False
0.1,1.0,9.99,0.1,1.0,0.1,-1.8925456624238786,True
1.0,0.5,0.1,0.1,0.5,1.0,0.18270779984501603,True
1.0,0.1,1.0,1.0,1.0,7.5,0.04719420075546364,True
0.1,0.5,0.1,3.0,0.1,5.0,0.007588160447061898,True
1.0,0.5,0.1,5.0,0.5,5.0,0.006483779077683577,True
0.1,1.0,0.1,0.1,0.1,0.0,-1.630399521107254,True
1.0,1.0,1.0,0.0,0.0,1.0,1.095434293161865,True
0.1,0.1,1.0,1.0,1.0,1.0,0.10855520204602077,True
1.0,1.0,0.1,5.0,0.1,2.5,0.004876472660463705,True
0.1,1.0,0.1,3.0,0.5,2.5,0.0032225410664755705,True
0.1,0.1,0.1,3.0,1.0,0.01,0.4825939470371893,True
9.99,0.5,9.99,0.1,0.5,0.1,-0.8572428975184754,True
0.0,0.0,0.0,1.0,0.0,1.0,-1.2706357617679531,False
0.1,0.5,1.0,3.0,1.0,9.99,0.025134687088772922,True
9.99,1.0,0.1,9.99,0.1,0.1,0.0462503124097342,True
0.1,0.1,1.0,0.1,1.0,1.0,-0.12488741146908863,True
1.0,0.1,0.0,0.0,0.1,0.0,-0.18065560728054497,True
0.1,0.5,0.1,1.0,0.5,7.5,0.05444269552728451,True
0.5,0.1,0.5,0.0,0.1,0.5,1.41423045957484,True
1.0,1.0,1.0,2.0,0.5,1.0,0.10139992358639904,True
0.01,0.5,0.01,1.0,0.5,0.01,-0.08139367011016452,True
0.1,0.1,0.1,3.0,0.1,0.01,0.041790465356442874,True
1.0,0.1,0.1,5.0,0.5,0.01,0.004671711011388857,True
0.1,0.1,1.0,1.0,0.1,1.0,0.005848948412906285,True
1.0,1.0,0.1,5.0,1.0,2.5,0.005320228450205647,True
0.1,1.0,0.1,0.1,1.0,0.0,-2.5627903707418875,True
0.1,0.5,0.1,3.0,1.0,5.0,0.00282185971101942,True
0.01,0.5,0.01,0.1,0.5,0.01,-2.6418162420963975,True
0.01,0.1,0.5,0.0,0.0,1.0,1.3420779807945862,True
0.1,0.1,1.0,0.1,0.1,1.0,-0.070989276061734,True
9.99,1.0,0.1,9.99,1.0,0.1,0.4413216446868312,True
1.0,0.5,1.0,5.0,0.5,9.99,0.001565240657264294,True
0.1,0.5,1.0,3.0,0.1,9.99,0.00635538662489569,True
1.0,1.0,9.99,9.99,1.0,1.0,0.34909507641415655,True
9.99,1.0,9.99,9.99,0.1,0.0,0.032790799448096375,True
0.1,0.5,1.0,5.0,1.0,0.01,0.018839598952858472,True
1.0,0.1,1.0,3.0,0.5,5.0,-0.012347900562987051,True
0.1,0.1,1.0,5.0,0.1,5.0,0.0011238848573654064,True
0.1,0.5,0.1,9.99,0.5,0.1,0.20081117197030668,True
1.0,0.1,1.0,1.0,0.1,7.5,0.033063051407930276,True
0.2,0.1,0.2,0.0,0.1,0.2,0.5956035230544906,True
0.1,1.0,9.99,0.1,0.1,0.1,-1.6676858171194324,True
1.0,1.0,9.99,1.0,0.5,9.99,0.030625150478152858,True
1.0,1.0,0.01,1.0,1.0,0.01,0.11835694295222066,True
0.1,0.1,0.1,5.0,1.0,9.99,0.012086985373376408,True
0.1,0.1,0.1,5.0,1.0,5.0,0.014822577385115679,True
1.0,1.0,0.1,0.01,0.5,7.5,-0.4537156209327371,False
0.1,0.5,0.01,0.01,1.0,0.1,-1.8648841504544271,True
1.0,0.5,1.0,1.0,0.5,1.0,0.06628491776715442,True
0.1,0.5,0.1,5.0,0.1,0.01,0.004358511236963625,True
0.1,1.0,0.1,2.0,0.5,7.5,-0.03374239655306052,True
1.0,0.5,0.1,3.0,0.5,0.01,0.1915319873575903,True
9.99,1.0,9.99,0.01,0.1,9.99,-0.17153349731720174,False
1.0,0.1,1.0,3.0,0.5,9.99,-0.007342391758305006,True
0.1,0.1,1.0,5.0,0.1,9.99,-0.02300674926809304,True
1.0,0.5,1.0,9.99,1.0,9.99,0.12014923403342254,True
9.99,0.1,9.99,9.99,0.1,1.0,0.03504957265502534,True
1.0,0.5,1.0,0.1,0.5,1.0,0.01551990286990599,True
1.0,0.1,0.1,1.0,1.0,7.5,-0.014086965970543583,True
1.0,0.5,1.0,5.0,0.5,5.0,0.003960268388872035,True
0.1,0.5,1.0,3.0,0.1,5.0,0.002504301645986688,True
0.01,1.0,1.0,0.1,1.0,1.0,-0.14452043239413345,True
0.1,0.1,1.0,3.0,1.0,0.01,0.46697889429402795,True
0.1,1.0,1.0,3.0,0.5,2.5,0.020736959708469102,True
0.1,0.1,0.1,1.0,1.0,1.0,0.11779594099596058,True
0.01,1.0,0.01,0.01,0.1,9.99,-0.04985319135755606,False
1.0,1.0,1.0,5.0,0.1,2.5,0.011816072683339784,True
0.0,0.0,1.0,1.0,1.0,1.0,0.1267400009412696,True
0.1,0.5,0.1,3.0,1.0,9.99,-0.004458196464618661,True
0.01,0.1,0.0,0.01,1.0,0.01,-3.3363512150015264,True
0.01,1.0,1.0,1.0,1.0,1.0,0.11033724669016504,True
0.1,0.1,0.1,0.1,1.0,1.0,-0.10205262393122774,True
1.0,1.0,0.1,2.0,0.5,1.0,0.10620725341731202,True
9.99,0.1,1.0,0.0,0.0,1.0,1.1010792516424888,True
0.1,0.5,1.0,1.0,0.5,7.5,0.04229157230908223,True
0.01,1.0,9.99,0.01,0.5,0.01,-3.012994992475653,True
0.1,0.5,0.01,0.01,1.0,0.01,-3.140627011619992,True
0.1,0.1,0.1,1.0,0.1,1.0,0.013916587144399195,True
1.0,1.0,1.0,5.0,1.0,2.5,0.0009617424972028811,True
0.01,1.0,0.01,0.01,1.0,9.99,-0.170673688070332,False
1.0,0.1,1.0,5.0,0.5,0.01,0.02201537653475233,True
0.1,0.1,1.0,3.0,0.1,0.01,0.04364129305220604,True
0.1,0.5,1.0,3.0,1.0,5.0,0.02488922476849044,True
0.01,0.1,1.0,0.0,0.0,0.5,1.4322540503840813,False
0.1,0.1,0.1,0.1,0.1,1.0,0.00861713927513924,True
1.0,0.1,1.0,0.0,0.0,0.0,-0.016203086951973977,True
0.01,1.0,1.0,1.0,0.1,1.0,-0.0011434336202190004,True
0.01,0.1,0.0,0.01,0.1,0.01,-3.364914749913581,True
0.0,0.0,1.0,1.0,0.1,1.0,0.02064337483732913,True
0.1,0.5,0.1,3.0,0.1,9.99,0.008757756699302507,True
0.01,0.01,0.01,0.01,1.0,0.01,-3.283977060804982,True
1.0,0.5,0.1,5.0,0.5,9.99,0.02774977289338812,True
0.1,0.5,0.1,5.0,1.0,0.01,0.009628268154561581,True
0.01,1.0,0.01,0.0,0.0,0.01,-3.8564348171727665,True
0.1,0.1,0.1,5.0,0.1,5.0,0.025672409299145077,True
1.0,0.1,0.1,3.0,0.5,5.0,-0.0014022890391682807,True
1.0,0.1,0.1,1.0,0.1,7.5,-0.009481758868520478,True
9.99,0.1,9.99,9.99,1.0,1.0,0.34116497295422454,True
9.99,1.0,0.01,0.01,0.5,0.01,0.10465124907174524,True
0.1,0.1,1.0,5.0,1.0,9.99,0.03328043228698607,True
0.0,0.0,0.0,0.1,0.5,0.1,-1.9038894340001025,True
9.99,1.0,9.99,0.01,1.0,9.99,0.06424765211916977,False
